[2026-06-05 15:53:33] local.ERROR: SQLSTATE[HY000] [1045] Access denied for user 'root'@'172.19.0.1' (using password: YES) (Connection: mysql, Host: 127.0.0.1, Port: 3306, Database: podistov, SQL: select exists (select 1 from information_schema.tables where table_schema = schema() and table_name = 'migrations' and table_type in ('BASE TABLE', 'SYSTEM VERSIONED')) as `exists`) {"exception":"[object] (Illuminate\\Database\\QueryException(code: 1045): SQLSTATE[HY000] [1045] Access denied for user 'root'@'172.19.0.1' (using password: YES) (Connection: mysql, Host: 127.0.0.1, Port: 3306, Database: podistov, SQL: select exists (select 1 from information_schema.tables where table_schema = schema() and table_name = 'migrations' and table_type in ('BASE TABLE', 'SYSTEM VERSIONED')) as `exists`) at /home/vermilion/test-project/vendor/laravel/framework/src/Illuminate/Database/Connection.php:841)
[stacktrace]
#0 /home/vermilion/test-project/vendor/laravel/framework/src/Illuminate/Database/Connection.php(1021): Illuminate\\Database\\Connection->runQueryCallback()
#1 /home/vermilion/test-project/vendor/laravel/framework/src/Illuminate/Database/Connection.php(1000): Illuminate\\Database\\Connection->tryAgainIfCausedByLostConnection()
#2 /home/vermilion/test-project/vendor/laravel/framework/src/Illuminate/Database/Connection.php(799): Illuminate\\Database\\Connection->handleQueryException()
#3 /home/vermilion/test-project/vendor/laravel/framework/src/Illuminate/Database/Connection.php(412): Illuminate\\Database\\Connection->run()
#4 /home/vermilion/test-project/vendor/laravel/framework/src/Illuminate/Database/Connection.php(357): Illuminate\\Database\\Connection->select()
#5 /home/vermilion/test-project/vendor/laravel/framework/src/Illuminate/Database/Connection.php(374): Illuminate\\Database\\Connection->selectOne()
#6 /home/vermilion/test-project/vendor/laravel/framework/src/Illuminate/Database/Schema/Builder.php(176): Illuminate\\Database\\Connection->scalar()
#7 /home/vermilion/test-project/vendor/laravel/framework/src/Illuminate/Database/Migrations/DatabaseMigrationRepository.php(185): Illuminate\\Database\\Schema\\Builder->hasTable()
#8 /home/vermilion/test-project/vendor/laravel/framework/src/Illuminate/Database/Migrations/Migrator.php(758): Illuminate\\Database\\Migrations\\DatabaseMigrationRepository->repositoryExists()
#9 /home/vermilion/test-project/vendor/laravel/framework/src/Illuminate/Database/Console/Migrations/MigrateCommand.php(166): Illuminate\\Database\\Migrations\\Migrator->repositoryExists()
#10 /home/vermilion/test-project/vendor/laravel/framework/src/Illuminate/Support/helpers.php(328): Illuminate\\Database\\Console\\Migrations\\MigrateCommand->{closure:Illuminate\\Database\\Console\\Migrations\\MigrateCommand::repositoryExists():166}()
#11 /home/vermilion/test-project/vendor/laravel/framework/src/Illuminate/Database/Console/Migrations/MigrateCommand.php(166): retry()
#12 /home/vermilion/test-project/vendor/laravel/framework/src/Illuminate/Database/Console/Migrations/MigrateCommand.php(142): Illuminate\\Database\\Console\\Migrations\\MigrateCommand->repositoryExists()
#13 /home/vermilion/test-project/vendor/laravel/framework/src/Illuminate/Database/Console/Migrations/MigrateCommand.php(112): Illuminate\\Database\\Console\\Migrations\\MigrateCommand->prepareDatabase()
#14 /home/vermilion/test-project/vendor/laravel/framework/src/Illuminate/Database/Migrations/Migrator.php(671): Illuminate\\Database\\Console\\Migrations\\MigrateCommand->{closure:Illuminate\\Database\\Console\\Migrations\\MigrateCommand::runMigrations():111}()
#15 /home/vermilion/test-project/vendor/laravel/framework/src/Illuminate/Database/Console/Migrations/MigrateCommand.php(111): Illuminate\\Database\\Migrations\\Migrator->usingConnection()
#16 /home/vermilion/test-project/vendor/laravel/framework/src/Illuminate/Database/Console/Migrations/MigrateCommand.php(90): Illuminate\\Database\\Console\\Migrations\\MigrateCommand->runMigrations()
#17 /home/vermilion/test-project/vendor/laravel/framework/src/Illuminate/Container/BoundMethod.php(36): Illuminate\\Database\\Console\\Migrations\\MigrateCommand->handle()
#18 /home/vermilion/test-project/vendor/laravel/framework/src/Illuminate/Container/Util.php(43): Illuminate\\Container\\BoundMethod::{closure:Illuminate\\Container\\BoundMethod::call():35}()
#19 /home/vermilion/test-project/vendor/laravel/framework/src/Illuminate/Container/BoundMethod.php(96): Illuminate\\Container\\Util::unwrapIfClosure()
#20 /home/vermilion/test-project/vendor/laravel/framework/src/Illuminate/Container/BoundMethod.php(35): Illuminate\\Container\\BoundMethod::callBoundMethod()
#21 /home/vermilion/test-project/vendor/laravel/framework/src/Illuminate/Container/Container.php(799): Illuminate\\Container\\BoundMethod::call()
#22 /home/vermilion/test-project/vendor/laravel/framework/src/Illuminate/Console/Command.php(280): Illuminate\\Container\\Container->call()
#23 /home/vermilion/test-project/vendor/symfony/console/Command/Command.php(341): Illuminate\\Console\\Command->execute()
#24 /home/vermilion/test-project/vendor/laravel/framework/src/Illuminate/Console/Command.php(249): Symfony\\Component\\Console\\Command\\Command->run()
#25 /home/vermilion/test-project/vendor/symfony/console/Application.php(1117): Illuminate\\Console\\Command->run()
#26 /home/vermilion/test-project/vendor/symfony/console/Application.php(356): Symfony\\Component\\Console\\Application->doRunCommand()
#27 /home/vermilion/test-project/vendor/symfony/console/Application.php(195): Symfony\\Component\\Console\\Application->doRun()
#28 /home/vermilion/test-project/vendor/laravel/framework/src/Illuminate/Foundation/Console/Kernel.php(198): Symfony\\Component\\Console\\Application->run()
#29 /home/vermilion/test-project/vendor/laravel/framework/src/Illuminate/Foundation/Application.php(1235): Illuminate\\Foundation\\Console\\Kernel->handle()
#30 /home/vermilion/test-project/artisan(16): Illuminate\\Foundation\\Application->handleCommand()
#31 {main}

[previous exception] [object] (PDOException(code: 1045): SQLSTATE[HY000] [1045] Access denied for user 'root'@'172.19.0.1' (using password: YES) at /home/vermilion/test-project/vendor/laravel/framework/src/Illuminate/Database/Connectors/Connector.php:67)
[stacktrace]
#0 /home/vermilion/test-project/vendor/laravel/framework/src/Illuminate/Database/Connectors/Connector.php(67): PDO::connect()
#1 /home/vermilion/test-project/vendor/laravel/framework/src/Illuminate/Database/Connectors/Connector.php(85): Illuminate\\Database\\Connectors\\Connector->createPdoConnection()
#2 /home/vermilion/test-project/vendor/laravel/framework/src/Illuminate/Database/Connectors/Connector.php(48): Illuminate\\Database\\Connectors\\Connector->tryAgainIfCausedByLostConnection()
#3 /home/vermilion/test-project/vendor/laravel/framework/src/Illuminate/Database/Connectors/MySqlConnector.php(24): Illuminate\\Database\\Connectors\\Connector->createConnection()
#4 /home/vermilion/test-project/vendor/laravel/framework/src/Illuminate/Database/Connectors/ConnectionFactory.php(188): Illuminate\\Database\\Connectors\\MySqlConnector->connect()
#5 [internal function]: Illuminate\\Database\\Connectors\\ConnectionFactory->{closure:Illuminate\\Database\\Connectors\\ConnectionFactory::createPdoResolverWithHosts():181}()
#6 /home/vermilion/test-project/vendor/laravel/framework/src/Illuminate/Database/Connection.php(1279): call_user_func()
#7 /home/vermilion/test-project/vendor/laravel/framework/src/Illuminate/Database/Connection.php(1317): Illuminate\\Database\\Connection->getPdo()
#8 /home/vermilion/test-project/vendor/laravel/framework/src/Illuminate/Database/Connection.php(528): Illuminate\\Database\\Connection->getReadPdo()
#9 /home/vermilion/test-project/vendor/laravel/framework/src/Illuminate/Database/Connection.php(421): Illuminate\\Database\\Connection->getPdoForSelect()
#10 /home/vermilion/test-project/vendor/laravel/framework/src/Illuminate/Database/Connection.php(830): Illuminate\\Database\\Connection->{closure:Illuminate\\Database\\Connection::select():412}()
#11 /home/vermilion/test-project/vendor/laravel/framework/src/Illuminate/Database/Connection.php(1021): Illuminate\\Database\\Connection->runQueryCallback()
#12 /home/vermilion/test-project/vendor/laravel/framework/src/Illuminate/Database/Connection.php(1000): Illuminate\\Database\\Connection->tryAgainIfCausedByLostConnection()
#13 /home/vermilion/test-project/vendor/laravel/framework/src/Illuminate/Database/Connection.php(799): Illuminate\\Database\\Connection->handleQueryException()
#14 /home/vermilion/test-project/vendor/laravel/framework/src/Illuminate/Database/Connection.php(412): Illuminate\\Database\\Connection->run()
#15 /home/vermilion/test-project/vendor/laravel/framework/src/Illuminate/Database/Connection.php(357): Illuminate\\Database\\Connection->select()
#16 /home/vermilion/test-project/vendor/laravel/framework/src/Illuminate/Database/Connection.php(374): Illuminate\\Database\\Connection->selectOne()
#17 /home/vermilion/test-project/vendor/laravel/framework/src/Illuminate/Database/Schema/Builder.php(176): Illuminate\\Database\\Connection->scalar()
#18 /home/vermilion/test-project/vendor/laravel/framework/src/Illuminate/Database/Migrations/DatabaseMigrationRepository.php(185): Illuminate\\Database\\Schema\\Builder->hasTable()
#19 /home/vermilion/test-project/vendor/laravel/framework/src/Illuminate/Database/Migrations/Migrator.php(758): Illuminate\\Database\\Migrations\\DatabaseMigrationRepository->repositoryExists()
#20 /home/vermilion/test-project/vendor/laravel/framework/src/Illuminate/Database/Console/Migrations/MigrateCommand.php(166): Illuminate\\Database\\Migrations\\Migrator->repositoryExists()
#21 /home/vermilion/test-project/vendor/laravel/framework/src/Illuminate/Support/helpers.php(328): Illuminate\\Database\\Console\\Migrations\\MigrateCommand->{closure:Illuminate\\Database\\Console\\Migrations\\MigrateCommand::repositoryExists():166}()
#22 /home/vermilion/test-project/vendor/laravel/framework/src/Illuminate/Database/Console/Migrations/MigrateCommand.php(166): retry()
#23 /home/vermilion/test-project/vendor/laravel/framework/src/Illuminate/Database/Console/Migrations/MigrateCommand.php(142): Illuminate\\Database\\Console\\Migrations\\MigrateCommand->repositoryExists()
#24 /home/vermilion/test-project/vendor/laravel/framework/src/Illuminate/Database/Console/Migrations/MigrateCommand.php(112): Illuminate\\Database\\Console\\Migrations\\MigrateCommand->prepareDatabase()
#25 /home/vermilion/test-project/vendor/laravel/framework/src/Illuminate/Database/Migrations/Migrator.php(671): Illuminate\\Database\\Console\\Migrations\\MigrateCommand->{closure:Illuminate\\Database\\Console\\Migrations\\MigrateCommand::runMigrations():111}()
#26 /home/vermilion/test-project/vendor/laravel/framework/src/Illuminate/Database/Console/Migrations/MigrateCommand.php(111): Illuminate\\Database\\Migrations\\Migrator->usingConnection()
#27 /home/vermilion/test-project/vendor/laravel/framework/src/Illuminate/Database/Console/Migrations/MigrateCommand.php(90): Illuminate\\Database\\Console\\Migrations\\MigrateCommand->runMigrations()
#28 /home/vermilion/test-project/vendor/laravel/framework/src/Illuminate/Container/BoundMethod.php(36): Illuminate\\Database\\Console\\Migrations\\MigrateCommand->handle()
#29 /home/vermilion/test-project/vendor/laravel/framework/src/Illuminate/Container/Util.php(43): Illuminate\\Container\\BoundMethod::{closure:Illuminate\\Container\\BoundMethod::call():35}()
#30 /home/vermilion/test-project/vendor/laravel/framework/src/Illuminate/Container/BoundMethod.php(96): Illuminate\\Container\\Util::unwrapIfClosure()
#31 /home/vermilion/test-project/vendor/laravel/framework/src/Illuminate/Container/BoundMethod.php(35): Illuminate\\Container\\BoundMethod::callBoundMethod()
#32 /home/vermilion/test-project/vendor/laravel/framework/src/Illuminate/Container/Container.php(799): Illuminate\\Container\\BoundMethod::call()
#33 /home/vermilion/test-project/vendor/laravel/framework/src/Illuminate/Console/Command.php(280): Illuminate\\Container\\Container->call()
#34 /home/vermilion/test-project/vendor/symfony/console/Command/Command.php(341): Illuminate\\Console\\Command->execute()
#35 /home/vermilion/test-project/vendor/laravel/framework/src/Illuminate/Console/Command.php(249): Symfony\\Component\\Console\\Command\\Command->run()
#36 /home/vermilion/test-project/vendor/symfony/console/Application.php(1117): Illuminate\\Console\\Command->run()
#37 /home/vermilion/test-project/vendor/symfony/console/Application.php(356): Symfony\\Component\\Console\\Application->doRunCommand()
#38 /home/vermilion/test-project/vendor/symfony/console/Application.php(195): Symfony\\Component\\Console\\Application->doRun()
#39 /home/vermilion/test-project/vendor/laravel/framework/src/Illuminate/Foundation/Console/Kernel.php(198): Symfony\\Component\\Console\\Application->run()
#40 /home/vermilion/test-project/vendor/laravel/framework/src/Illuminate/Foundation/Application.php(1235): Illuminate\\Foundation\\Console\\Kernel->handle()
#41 /home/vermilion/test-project/artisan(16): Illuminate\\Foundation\\Application->handleCommand()
#42 {main}
"} 
[2026-06-05 15:57:53] local.ERROR: Method Illuminate\Database\Schema\Blueprint::unsignedDecimal does not exist. {"exception":"[object] (BadMethodCallException(code: 0): Method Illuminate\\Database\\Schema\\Blueprint::unsignedDecimal does not exist. at /home/vermilion/test-project/vendor/laravel/framework/src/Illuminate/Macroable/Traits/Macroable.php:117)
[stacktrace]
#0 /home/vermilion/test-project/database/migrations/2026_06_05_153500_create_products_table.php(20): Illuminate\\Database\\Schema\\Blueprint->__call()
#1 /home/vermilion/test-project/vendor/laravel/framework/src/Illuminate/Database/Schema/Builder.php(529): Illuminate\\Database\\Migrations\\Migration@anonymous->{closure:Illuminate\\Database\\Migrations\\Migration@anonymous()
#2 /home/vermilion/test-project/vendor/laravel/framework/src/Illuminate/Support/helpers.php(393): Illuminate\\Database\\Schema\\Builder->{closure:Illuminate\\Database\\Schema\\Builder::create():526}()
#3 /home/vermilion/test-project/vendor/laravel/framework/src/Illuminate/Database/Schema/Builder.php(526): tap()
#4 /home/vermilion/test-project/vendor/laravel/framework/src/Illuminate/Support/Facades/Facade.php(363): Illuminate\\Database\\Schema\\Builder->create()
#5 /home/vermilion/test-project/database/migrations/2026_06_05_153500_create_products_table.php(11): Illuminate\\Support\\Facades\\Facade::__callStatic()
#6 /home/vermilion/test-project/vendor/laravel/framework/src/Illuminate/Database/Migrations/Migrator.php(517): Illuminate\\Database\\Migrations\\Migration@anonymous->up()
#7 /home/vermilion/test-project/vendor/laravel/framework/src/Illuminate/Database/Migrations/Migrator.php(442): Illuminate\\Database\\Migrations\\Migrator->runMethod()
#8 /home/vermilion/test-project/vendor/laravel/framework/src/Illuminate/Database/Migrations/Migrator.php(451): Illuminate\\Database\\Migrations\\Migrator->{closure:Illuminate\\Database\\Migrations\\Migrator::runMigration():438}()
#9 /home/vermilion/test-project/vendor/laravel/framework/src/Illuminate/Database/Migrations/Migrator.php(253): Illuminate\\Database\\Migrations\\Migrator->runMigration()
#10 /home/vermilion/test-project/vendor/laravel/framework/src/Illuminate/Console/View/Components/Task.php(43): Illuminate\\Database\\Migrations\\Migrator->{closure:Illuminate\\Database\\Migrations\\Migrator::runUp():253}()
#11 /home/vermilion/test-project/vendor/laravel/framework/src/Illuminate/Database/Migrations/Migrator.php(814): Illuminate\\Console\\View\\Components\\Task->render()
#12 /home/vermilion/test-project/vendor/laravel/framework/src/Illuminate/Database/Migrations/Migrator.php(253): Illuminate\\Database\\Migrations\\Migrator->write()
#13 /home/vermilion/test-project/vendor/laravel/framework/src/Illuminate/Database/Migrations/Migrator.php(211): Illuminate\\Database\\Migrations\\Migrator->runUp()
#14 /home/vermilion/test-project/vendor/laravel/framework/src/Illuminate/Database/Migrations/Migrator.php(138): Illuminate\\Database\\Migrations\\Migrator->runPending()
#15 /home/vermilion/test-project/vendor/laravel/framework/src/Illuminate/Database/Console/Migrations/MigrateCommand.php(118): Illuminate\\Database\\Migrations\\Migrator->run()
#16 /home/vermilion/test-project/vendor/laravel/framework/src/Illuminate/Database/Migrations/Migrator.php(671): Illuminate\\Database\\Console\\Migrations\\MigrateCommand->{closure:Illuminate\\Database\\Console\\Migrations\\MigrateCommand::runMigrations():111}()
#17 /home/vermilion/test-project/vendor/laravel/framework/src/Illuminate/Database/Console/Migrations/MigrateCommand.php(111): Illuminate\\Database\\Migrations\\Migrator->usingConnection()
#18 /home/vermilion/test-project/vendor/laravel/framework/src/Illuminate/Database/Console/Migrations/MigrateCommand.php(90): Illuminate\\Database\\Console\\Migrations\\MigrateCommand->runMigrations()
#19 /home/vermilion/test-project/vendor/laravel/framework/src/Illuminate/Container/BoundMethod.php(36): Illuminate\\Database\\Console\\Migrations\\MigrateCommand->handle()
#20 /home/vermilion/test-project/vendor/laravel/framework/src/Illuminate/Container/Util.php(43): Illuminate\\Container\\BoundMethod::{closure:Illuminate\\Container\\BoundMethod::call():35}()
#21 /home/vermilion/test-project/vendor/laravel/framework/src/Illuminate/Container/BoundMethod.php(96): Illuminate\\Container\\Util::unwrapIfClosure()
#22 /home/vermilion/test-project/vendor/laravel/framework/src/Illuminate/Container/BoundMethod.php(35): Illuminate\\Container\\BoundMethod::callBoundMethod()
#23 /home/vermilion/test-project/vendor/laravel/framework/src/Illuminate/Container/Container.php(799): Illuminate\\Container\\BoundMethod::call()
#24 /home/vermilion/test-project/vendor/laravel/framework/src/Illuminate/Console/Command.php(280): Illuminate\\Container\\Container->call()
#25 /home/vermilion/test-project/vendor/symfony/console/Command/Command.php(341): Illuminate\\Console\\Command->execute()
#26 /home/vermilion/test-project/vendor/laravel/framework/src/Illuminate/Console/Command.php(249): Symfony\\Component\\Console\\Command\\Command->run()
#27 /home/vermilion/test-project/vendor/symfony/console/Application.php(1117): Illuminate\\Console\\Command->run()
#28 /home/vermilion/test-project/vendor/symfony/console/Application.php(356): Symfony\\Component\\Console\\Application->doRunCommand()
#29 /home/vermilion/test-project/vendor/symfony/console/Application.php(195): Symfony\\Component\\Console\\Application->doRun()
#30 /home/vermilion/test-project/vendor/laravel/framework/src/Illuminate/Foundation/Console/Kernel.php(198): Symfony\\Component\\Console\\Application->run()
#31 /home/vermilion/test-project/vendor/laravel/framework/src/Illuminate/Foundation/Application.php(1235): Illuminate\\Foundation\\Console\\Kernel->handle()
#32 /home/vermilion/test-project/artisan(16): Illuminate\\Foundation\\Application->handleCommand()
#33 {main}
"} 
[2026-06-05 16:01:22] local.ERROR: SQLSTATE[HY000] [1045] Access denied for user 'ые?stroy_user'@'172.18.0.1' (using password: YES) (Connection: mysql, Host: 127.0.0.1, Port: 3306, Database: stroy_materials, SQL: select exists (select 1 from information_schema.tables where table_schema = schema() and table_name = 'migrations' and table_type in ('BASE TABLE', 'SYSTEM VERSIONED')) as `exists`) {"exception":"[object] (Illuminate\\Database\\QueryException(code: 1045): SQLSTATE[HY000] [1045] Access denied for user 'ые?stroy_user'@'172.18.0.1' (using password: YES) (Connection: mysql, Host: 127.0.0.1, Port: 3306, Database: stroy_materials, SQL: select exists (select 1 from information_schema.tables where table_schema = schema() and table_name = 'migrations' and table_type in ('BASE TABLE', 'SYSTEM VERSIONED')) as `exists`) at /home/vermilion/test-project/vendor/laravel/framework/src/Illuminate/Database/Connection.php:841)
[stacktrace]
#0 /home/vermilion/test-project/vendor/laravel/framework/src/Illuminate/Database/Connection.php(1021): Illuminate\\Database\\Connection->runQueryCallback()
#1 /home/vermilion/test-project/vendor/laravel/framework/src/Illuminate/Database/Connection.php(1000): Illuminate\\Database\\Connection->tryAgainIfCausedByLostConnection()
#2 /home/vermilion/test-project/vendor/laravel/framework/src/Illuminate/Database/Connection.php(799): Illuminate\\Database\\Connection->handleQueryException()
#3 /home/vermilion/test-project/vendor/laravel/framework/src/Illuminate/Database/Connection.php(412): Illuminate\\Database\\Connection->run()
#4 /home/vermilion/test-project/vendor/laravel/framework/src/Illuminate/Database/Connection.php(357): Illuminate\\Database\\Connection->select()
#5 /home/vermilion/test-project/vendor/laravel/framework/src/Illuminate/Database/Connection.php(374): Illuminate\\Database\\Connection->selectOne()
#6 /home/vermilion/test-project/vendor/laravel/framework/src/Illuminate/Database/Schema/Builder.php(176): Illuminate\\Database\\Connection->scalar()
#7 /home/vermilion/test-project/vendor/laravel/framework/src/Illuminate/Database/Migrations/DatabaseMigrationRepository.php(185): Illuminate\\Database\\Schema\\Builder->hasTable()
#8 /home/vermilion/test-project/vendor/laravel/framework/src/Illuminate/Database/Migrations/Migrator.php(758): Illuminate\\Database\\Migrations\\DatabaseMigrationRepository->repositoryExists()
#9 /home/vermilion/test-project/vendor/laravel/framework/src/Illuminate/Database/Console/Migrations/MigrateCommand.php(166): Illuminate\\Database\\Migrations\\Migrator->repositoryExists()
#10 /home/vermilion/test-project/vendor/laravel/framework/src/Illuminate/Support/helpers.php(328): Illuminate\\Database\\Console\\Migrations\\MigrateCommand->{closure:Illuminate\\Database\\Console\\Migrations\\MigrateCommand::repositoryExists():166}()
#11 /home/vermilion/test-project/vendor/laravel/framework/src/Illuminate/Database/Console/Migrations/MigrateCommand.php(166): retry()
#12 /home/vermilion/test-project/vendor/laravel/framework/src/Illuminate/Database/Console/Migrations/MigrateCommand.php(142): Illuminate\\Database\\Console\\Migrations\\MigrateCommand->repositoryExists()
#13 /home/vermilion/test-project/vendor/laravel/framework/src/Illuminate/Database/Console/Migrations/MigrateCommand.php(112): Illuminate\\Database\\Console\\Migrations\\MigrateCommand->prepareDatabase()
#14 /home/vermilion/test-project/vendor/laravel/framework/src/Illuminate/Database/Migrations/Migrator.php(671): Illuminate\\Database\\Console\\Migrations\\MigrateCommand->{closure:Illuminate\\Database\\Console\\Migrations\\MigrateCommand::runMigrations():111}()
#15 /home/vermilion/test-project/vendor/laravel/framework/src/Illuminate/Database/Console/Migrations/MigrateCommand.php(111): Illuminate\\Database\\Migrations\\Migrator->usingConnection()
#16 /home/vermilion/test-project/vendor/laravel/framework/src/Illuminate/Database/Console/Migrations/MigrateCommand.php(90): Illuminate\\Database\\Console\\Migrations\\MigrateCommand->runMigrations()
#17 /home/vermilion/test-project/vendor/laravel/framework/src/Illuminate/Container/BoundMethod.php(36): Illuminate\\Database\\Console\\Migrations\\MigrateCommand->handle()
#18 /home/vermilion/test-project/vendor/laravel/framework/src/Illuminate/Container/Util.php(43): Illuminate\\Container\\BoundMethod::{closure:Illuminate\\Container\\BoundMethod::call():35}()
#19 /home/vermilion/test-project/vendor/laravel/framework/src/Illuminate/Container/BoundMethod.php(96): Illuminate\\Container\\Util::unwrapIfClosure()
#20 /home/vermilion/test-project/vendor/laravel/framework/src/Illuminate/Container/BoundMethod.php(35): Illuminate\\Container\\BoundMethod::callBoundMethod()
#21 /home/vermilion/test-project/vendor/laravel/framework/src/Illuminate/Container/Container.php(799): Illuminate\\Container\\BoundMethod::call()
#22 /home/vermilion/test-project/vendor/laravel/framework/src/Illuminate/Console/Command.php(280): Illuminate\\Container\\Container->call()
#23 /home/vermilion/test-project/vendor/symfony/console/Command/Command.php(341): Illuminate\\Console\\Command->execute()
#24 /home/vermilion/test-project/vendor/laravel/framework/src/Illuminate/Console/Command.php(249): Symfony\\Component\\Console\\Command\\Command->run()
#25 /home/vermilion/test-project/vendor/symfony/console/Application.php(1117): Illuminate\\Console\\Command->run()
#26 /home/vermilion/test-project/vendor/symfony/console/Application.php(356): Symfony\\Component\\Console\\Application->doRunCommand()
#27 /home/vermilion/test-project/vendor/symfony/console/Application.php(195): Symfony\\Component\\Console\\Application->doRun()
#28 /home/vermilion/test-project/vendor/laravel/framework/src/Illuminate/Foundation/Console/Kernel.php(198): Symfony\\Component\\Console\\Application->run()
#29 /home/vermilion/test-project/vendor/laravel/framework/src/Illuminate/Foundation/Application.php(1235): Illuminate\\Foundation\\Console\\Kernel->handle()
#30 /home/vermilion/test-project/artisan(16): Illuminate\\Foundation\\Application->handleCommand()
#31 {main}

[previous exception] [object] (PDOException(code: 1045): SQLSTATE[HY000] [1045] Access denied for user 'ые?stroy_user'@'172.18.0.1' (using password: YES) at /home/vermilion/test-project/vendor/laravel/framework/src/Illuminate/Database/Connectors/Connector.php:67)
[stacktrace]
#0 /home/vermilion/test-project/vendor/laravel/framework/src/Illuminate/Database/Connectors/Connector.php(67): PDO::connect()
#1 /home/vermilion/test-project/vendor/laravel/framework/src/Illuminate/Database/Connectors/Connector.php(85): Illuminate\\Database\\Connectors\\Connector->createPdoConnection()
#2 /home/vermilion/test-project/vendor/laravel/framework/src/Illuminate/Database/Connectors/Connector.php(48): Illuminate\\Database\\Connectors\\Connector->tryAgainIfCausedByLostConnection()
#3 /home/vermilion/test-project/vendor/laravel/framework/src/Illuminate/Database/Connectors/MySqlConnector.php(24): Illuminate\\Database\\Connectors\\Connector->createConnection()
#4 /home/vermilion/test-project/vendor/laravel/framework/src/Illuminate/Database/Connectors/ConnectionFactory.php(188): Illuminate\\Database\\Connectors\\MySqlConnector->connect()
#5 [internal function]: Illuminate\\Database\\Connectors\\ConnectionFactory->{closure:Illuminate\\Database\\Connectors\\ConnectionFactory::createPdoResolverWithHosts():181}()
#6 /home/vermilion/test-project/vendor/laravel/framework/src/Illuminate/Database/Connection.php(1279): call_user_func()
#7 /home/vermilion/test-project/vendor/laravel/framework/src/Illuminate/Database/Connection.php(1317): Illuminate\\Database\\Connection->getPdo()
#8 /home/vermilion/test-project/vendor/laravel/framework/src/Illuminate/Database/Connection.php(528): Illuminate\\Database\\Connection->getReadPdo()
#9 /home/vermilion/test-project/vendor/laravel/framework/src/Illuminate/Database/Connection.php(421): Illuminate\\Database\\Connection->getPdoForSelect()
#10 /home/vermilion/test-project/vendor/laravel/framework/src/Illuminate/Database/Connection.php(830): Illuminate\\Database\\Connection->{closure:Illuminate\\Database\\Connection::select():412}()
#11 /home/vermilion/test-project/vendor/laravel/framework/src/Illuminate/Database/Connection.php(1021): Illuminate\\Database\\Connection->runQueryCallback()
#12 /home/vermilion/test-project/vendor/laravel/framework/src/Illuminate/Database/Connection.php(1000): Illuminate\\Database\\Connection->tryAgainIfCausedByLostConnection()
#13 /home/vermilion/test-project/vendor/laravel/framework/src/Illuminate/Database/Connection.php(799): Illuminate\\Database\\Connection->handleQueryException()
#14 /home/vermilion/test-project/vendor/laravel/framework/src/Illuminate/Database/Connection.php(412): Illuminate\\Database\\Connection->run()
#15 /home/vermilion/test-project/vendor/laravel/framework/src/Illuminate/Database/Connection.php(357): Illuminate\\Database\\Connection->select()
#16 /home/vermilion/test-project/vendor/laravel/framework/src/Illuminate/Database/Connection.php(374): Illuminate\\Database\\Connection->selectOne()
#17 /home/vermilion/test-project/vendor/laravel/framework/src/Illuminate/Database/Schema/Builder.php(176): Illuminate\\Database\\Connection->scalar()
#18 /home/vermilion/test-project/vendor/laravel/framework/src/Illuminate/Database/Migrations/DatabaseMigrationRepository.php(185): Illuminate\\Database\\Schema\\Builder->hasTable()
#19 /home/vermilion/test-project/vendor/laravel/framework/src/Illuminate/Database/Migrations/Migrator.php(758): Illuminate\\Database\\Migrations\\DatabaseMigrationRepository->repositoryExists()
#20 /home/vermilion/test-project/vendor/laravel/framework/src/Illuminate/Database/Console/Migrations/MigrateCommand.php(166): Illuminate\\Database\\Migrations\\Migrator->repositoryExists()
#21 /home/vermilion/test-project/vendor/laravel/framework/src/Illuminate/Support/helpers.php(328): Illuminate\\Database\\Console\\Migrations\\MigrateCommand->{closure:Illuminate\\Database\\Console\\Migrations\\MigrateCommand::repositoryExists():166}()
#22 /home/vermilion/test-project/vendor/laravel/framework/src/Illuminate/Database/Console/Migrations/MigrateCommand.php(166): retry()
#23 /home/vermilion/test-project/vendor/laravel/framework/src/Illuminate/Database/Console/Migrations/MigrateCommand.php(142): Illuminate\\Database\\Console\\Migrations\\MigrateCommand->repositoryExists()
#24 /home/vermilion/test-project/vendor/laravel/framework/src/Illuminate/Database/Console/Migrations/MigrateCommand.php(112): Illuminate\\Database\\Console\\Migrations\\MigrateCommand->prepareDatabase()
#25 /home/vermilion/test-project/vendor/laravel/framework/src/Illuminate/Database/Migrations/Migrator.php(671): Illuminate\\Database\\Console\\Migrations\\MigrateCommand->{closure:Illuminate\\Database\\Console\\Migrations\\MigrateCommand::runMigrations():111}()
#26 /home/vermilion/test-project/vendor/laravel/framework/src/Illuminate/Database/Console/Migrations/MigrateCommand.php(111): Illuminate\\Database\\Migrations\\Migrator->usingConnection()
#27 /home/vermilion/test-project/vendor/laravel/framework/src/Illuminate/Database/Console/Migrations/MigrateCommand.php(90): Illuminate\\Database\\Console\\Migrations\\MigrateCommand->runMigrations()
#28 /home/vermilion/test-project/vendor/laravel/framework/src/Illuminate/Container/BoundMethod.php(36): Illuminate\\Database\\Console\\Migrations\\MigrateCommand->handle()
#29 /home/vermilion/test-project/vendor/laravel/framework/src/Illuminate/Container/Util.php(43): Illuminate\\Container\\BoundMethod::{closure:Illuminate\\Container\\BoundMethod::call():35}()
#30 /home/vermilion/test-project/vendor/laravel/framework/src/Illuminate/Container/BoundMethod.php(96): Illuminate\\Container\\Util::unwrapIfClosure()
#31 /home/vermilion/test-project/vendor/laravel/framework/src/Illuminate/Container/BoundMethod.php(35): Illuminate\\Container\\BoundMethod::callBoundMethod()
#32 /home/vermilion/test-project/vendor/laravel/framework/src/Illuminate/Container/Container.php(799): Illuminate\\Container\\BoundMethod::call()
#33 /home/vermilion/test-project/vendor/laravel/framework/src/Illuminate/Console/Command.php(280): Illuminate\\Container\\Container->call()
#34 /home/vermilion/test-project/vendor/symfony/console/Command/Command.php(341): Illuminate\\Console\\Command->execute()
#35 /home/vermilion/test-project/vendor/laravel/framework/src/Illuminate/Console/Command.php(249): Symfony\\Component\\Console\\Command\\Command->run()
#36 /home/vermilion/test-project/vendor/symfony/console/Application.php(1117): Illuminate\\Console\\Command->run()
#37 /home/vermilion/test-project/vendor/symfony/console/Application.php(356): Symfony\\Component\\Console\\Application->doRunCommand()
#38 /home/vermilion/test-project/vendor/symfony/console/Application.php(195): Symfony\\Component\\Console\\Application->doRun()
#39 /home/vermilion/test-project/vendor/laravel/framework/src/Illuminate/Foundation/Console/Kernel.php(198): Symfony\\Component\\Console\\Application->run()
#40 /home/vermilion/test-project/vendor/laravel/framework/src/Illuminate/Foundation/Application.php(1235): Illuminate\\Foundation\\Console\\Kernel->handle()
#41 /home/vermilion/test-project/artisan(16): Illuminate\\Foundation\\Application->handleCommand()
#42 {main}
"} 
[2026-06-05 16:01:35] local.ERROR: SQLSTATE[HY000] [1045] Access denied for user 'stroy_user?stroy_user'@'172.18.0.1' (using password: YES) (Connection: mysql, Host: 127.0.0.1, Port: 3306, Database: stroy_materials, SQL: select exists (select 1 from information_schema.tables where table_schema = schema() and table_name = 'migrations' and table_type in ('BASE TABLE', 'SYSTEM VERSIONED')) as `exists`) {"exception":"[object] (Illuminate\\Database\\QueryException(code: 1045): SQLSTATE[HY000] [1045] Access denied for user 'stroy_user?stroy_user'@'172.18.0.1' (using password: YES) (Connection: mysql, Host: 127.0.0.1, Port: 3306, Database: stroy_materials, SQL: select exists (select 1 from information_schema.tables where table_schema = schema() and table_name = 'migrations' and table_type in ('BASE TABLE', 'SYSTEM VERSIONED')) as `exists`) at /home/vermilion/test-project/vendor/laravel/framework/src/Illuminate/Database/Connection.php:841)
[stacktrace]
#0 /home/vermilion/test-project/vendor/laravel/framework/src/Illuminate/Database/Connection.php(1021): Illuminate\\Database\\Connection->runQueryCallback()
#1 /home/vermilion/test-project/vendor/laravel/framework/src/Illuminate/Database/Connection.php(1000): Illuminate\\Database\\Connection->tryAgainIfCausedByLostConnection()
#2 /home/vermilion/test-project/vendor/laravel/framework/src/Illuminate/Database/Connection.php(799): Illuminate\\Database\\Connection->handleQueryException()
#3 /home/vermilion/test-project/vendor/laravel/framework/src/Illuminate/Database/Connection.php(412): Illuminate\\Database\\Connection->run()
#4 /home/vermilion/test-project/vendor/laravel/framework/src/Illuminate/Database/Connection.php(357): Illuminate\\Database\\Connection->select()
#5 /home/vermilion/test-project/vendor/laravel/framework/src/Illuminate/Database/Connection.php(374): Illuminate\\Database\\Connection->selectOne()
#6 /home/vermilion/test-project/vendor/laravel/framework/src/Illuminate/Database/Schema/Builder.php(176): Illuminate\\Database\\Connection->scalar()
#7 /home/vermilion/test-project/vendor/laravel/framework/src/Illuminate/Database/Migrations/DatabaseMigrationRepository.php(185): Illuminate\\Database\\Schema\\Builder->hasTable()
#8 /home/vermilion/test-project/vendor/laravel/framework/src/Illuminate/Database/Migrations/Migrator.php(758): Illuminate\\Database\\Migrations\\DatabaseMigrationRepository->repositoryExists()
#9 /home/vermilion/test-project/vendor/laravel/framework/src/Illuminate/Database/Console/Migrations/MigrateCommand.php(166): Illuminate\\Database\\Migrations\\Migrator->repositoryExists()
#10 /home/vermilion/test-project/vendor/laravel/framework/src/Illuminate/Support/helpers.php(328): Illuminate\\Database\\Console\\Migrations\\MigrateCommand->{closure:Illuminate\\Database\\Console\\Migrations\\MigrateCommand::repositoryExists():166}()
#11 /home/vermilion/test-project/vendor/laravel/framework/src/Illuminate/Database/Console/Migrations/MigrateCommand.php(166): retry()
#12 /home/vermilion/test-project/vendor/laravel/framework/src/Illuminate/Database/Console/Migrations/MigrateCommand.php(142): Illuminate\\Database\\Console\\Migrations\\MigrateCommand->repositoryExists()
#13 /home/vermilion/test-project/vendor/laravel/framework/src/Illuminate/Database/Console/Migrations/MigrateCommand.php(112): Illuminate\\Database\\Console\\Migrations\\MigrateCommand->prepareDatabase()
#14 /home/vermilion/test-project/vendor/laravel/framework/src/Illuminate/Database/Migrations/Migrator.php(671): Illuminate\\Database\\Console\\Migrations\\MigrateCommand->{closure:Illuminate\\Database\\Console\\Migrations\\MigrateCommand::runMigrations():111}()
#15 /home/vermilion/test-project/vendor/laravel/framework/src/Illuminate/Database/Console/Migrations/MigrateCommand.php(111): Illuminate\\Database\\Migrations\\Migrator->usingConnection()
#16 /home/vermilion/test-project/vendor/laravel/framework/src/Illuminate/Database/Console/Migrations/MigrateCommand.php(90): Illuminate\\Database\\Console\\Migrations\\MigrateCommand->runMigrations()
#17 /home/vermilion/test-project/vendor/laravel/framework/src/Illuminate/Container/BoundMethod.php(36): Illuminate\\Database\\Console\\Migrations\\MigrateCommand->handle()
#18 /home/vermilion/test-project/vendor/laravel/framework/src/Illuminate/Container/Util.php(43): Illuminate\\Container\\BoundMethod::{closure:Illuminate\\Container\\BoundMethod::call():35}()
#19 /home/vermilion/test-project/vendor/laravel/framework/src/Illuminate/Container/BoundMethod.php(96): Illuminate\\Container\\Util::unwrapIfClosure()
#20 /home/vermilion/test-project/vendor/laravel/framework/src/Illuminate/Container/BoundMethod.php(35): Illuminate\\Container\\BoundMethod::callBoundMethod()
#21 /home/vermilion/test-project/vendor/laravel/framework/src/Illuminate/Container/Container.php(799): Illuminate\\Container\\BoundMethod::call()
#22 /home/vermilion/test-project/vendor/laravel/framework/src/Illuminate/Console/Command.php(280): Illuminate\\Container\\Container->call()
#23 /home/vermilion/test-project/vendor/symfony/console/Command/Command.php(341): Illuminate\\Console\\Command->execute()
#24 /home/vermilion/test-project/vendor/laravel/framework/src/Illuminate/Console/Command.php(249): Symfony\\Component\\Console\\Command\\Command->run()
#25 /home/vermilion/test-project/vendor/symfony/console/Application.php(1117): Illuminate\\Console\\Command->run()
#26 /home/vermilion/test-project/vendor/symfony/console/Application.php(356): Symfony\\Component\\Console\\Application->doRunCommand()
#27 /home/vermilion/test-project/vendor/symfony/console/Application.php(195): Symfony\\Component\\Console\\Application->doRun()
#28 /home/vermilion/test-project/vendor/laravel/framework/src/Illuminate/Foundation/Console/Kernel.php(198): Symfony\\Component\\Console\\Application->run()
#29 /home/vermilion/test-project/vendor/laravel/framework/src/Illuminate/Foundation/Application.php(1235): Illuminate\\Foundation\\Console\\Kernel->handle()
#30 /home/vermilion/test-project/artisan(16): Illuminate\\Foundation\\Application->handleCommand()
#31 {main}

[previous exception] [object] (PDOException(code: 1045): SQLSTATE[HY000] [1045] Access denied for user 'stroy_user?stroy_user'@'172.18.0.1' (using password: YES) at /home/vermilion/test-project/vendor/laravel/framework/src/Illuminate/Database/Connectors/Connector.php:67)
[stacktrace]
#0 /home/vermilion/test-project/vendor/laravel/framework/src/Illuminate/Database/Connectors/Connector.php(67): PDO::connect()
#1 /home/vermilion/test-project/vendor/laravel/framework/src/Illuminate/Database/Connectors/Connector.php(85): Illuminate\\Database\\Connectors\\Connector->createPdoConnection()
#2 /home/vermilion/test-project/vendor/laravel/framework/src/Illuminate/Database/Connectors/Connector.php(48): Illuminate\\Database\\Connectors\\Connector->tryAgainIfCausedByLostConnection()
#3 /home/vermilion/test-project/vendor/laravel/framework/src/Illuminate/Database/Connectors/MySqlConnector.php(24): Illuminate\\Database\\Connectors\\Connector->createConnection()
#4 /home/vermilion/test-project/vendor/laravel/framework/src/Illuminate/Database/Connectors/ConnectionFactory.php(188): Illuminate\\Database\\Connectors\\MySqlConnector->connect()
#5 [internal function]: Illuminate\\Database\\Connectors\\ConnectionFactory->{closure:Illuminate\\Database\\Connectors\\ConnectionFactory::createPdoResolverWithHosts():181}()
#6 /home/vermilion/test-project/vendor/laravel/framework/src/Illuminate/Database/Connection.php(1279): call_user_func()
#7 /home/vermilion/test-project/vendor/laravel/framework/src/Illuminate/Database/Connection.php(1317): Illuminate\\Database\\Connection->getPdo()
#8 /home/vermilion/test-project/vendor/laravel/framework/src/Illuminate/Database/Connection.php(528): Illuminate\\Database\\Connection->getReadPdo()
#9 /home/vermilion/test-project/vendor/laravel/framework/src/Illuminate/Database/Connection.php(421): Illuminate\\Database\\Connection->getPdoForSelect()
#10 /home/vermilion/test-project/vendor/laravel/framework/src/Illuminate/Database/Connection.php(830): Illuminate\\Database\\Connection->{closure:Illuminate\\Database\\Connection::select():412}()
#11 /home/vermilion/test-project/vendor/laravel/framework/src/Illuminate/Database/Connection.php(1021): Illuminate\\Database\\Connection->runQueryCallback()
#12 /home/vermilion/test-project/vendor/laravel/framework/src/Illuminate/Database/Connection.php(1000): Illuminate\\Database\\Connection->tryAgainIfCausedByLostConnection()
#13 /home/vermilion/test-project/vendor/laravel/framework/src/Illuminate/Database/Connection.php(799): Illuminate\\Database\\Connection->handleQueryException()
#14 /home/vermilion/test-project/vendor/laravel/framework/src/Illuminate/Database/Connection.php(412): Illuminate\\Database\\Connection->run()
#15 /home/vermilion/test-project/vendor/laravel/framework/src/Illuminate/Database/Connection.php(357): Illuminate\\Database\\Connection->select()
#16 /home/vermilion/test-project/vendor/laravel/framework/src/Illuminate/Database/Connection.php(374): Illuminate\\Database\\Connection->selectOne()
#17 /home/vermilion/test-project/vendor/laravel/framework/src/Illuminate/Database/Schema/Builder.php(176): Illuminate\\Database\\Connection->scalar()
#18 /home/vermilion/test-project/vendor/laravel/framework/src/Illuminate/Database/Migrations/DatabaseMigrationRepository.php(185): Illuminate\\Database\\Schema\\Builder->hasTable()
#19 /home/vermilion/test-project/vendor/laravel/framework/src/Illuminate/Database/Migrations/Migrator.php(758): Illuminate\\Database\\Migrations\\DatabaseMigrationRepository->repositoryExists()
#20 /home/vermilion/test-project/vendor/laravel/framework/src/Illuminate/Database/Console/Migrations/MigrateCommand.php(166): Illuminate\\Database\\Migrations\\Migrator->repositoryExists()
#21 /home/vermilion/test-project/vendor/laravel/framework/src/Illuminate/Support/helpers.php(328): Illuminate\\Database\\Console\\Migrations\\MigrateCommand->{closure:Illuminate\\Database\\Console\\Migrations\\MigrateCommand::repositoryExists():166}()
#22 /home/vermilion/test-project/vendor/laravel/framework/src/Illuminate/Database/Console/Migrations/MigrateCommand.php(166): retry()
#23 /home/vermilion/test-project/vendor/laravel/framework/src/Illuminate/Database/Console/Migrations/MigrateCommand.php(142): Illuminate\\Database\\Console\\Migrations\\MigrateCommand->repositoryExists()
#24 /home/vermilion/test-project/vendor/laravel/framework/src/Illuminate/Database/Console/Migrations/MigrateCommand.php(112): Illuminate\\Database\\Console\\Migrations\\MigrateCommand->prepareDatabase()
#25 /home/vermilion/test-project/vendor/laravel/framework/src/Illuminate/Database/Migrations/Migrator.php(671): Illuminate\\Database\\Console\\Migrations\\MigrateCommand->{closure:Illuminate\\Database\\Console\\Migrations\\MigrateCommand::runMigrations():111}()
#26 /home/vermilion/test-project/vendor/laravel/framework/src/Illuminate/Database/Console/Migrations/MigrateCommand.php(111): Illuminate\\Database\\Migrations\\Migrator->usingConnection()
#27 /home/vermilion/test-project/vendor/laravel/framework/src/Illuminate/Database/Console/Migrations/MigrateCommand.php(90): Illuminate\\Database\\Console\\Migrations\\MigrateCommand->runMigrations()
#28 /home/vermilion/test-project/vendor/laravel/framework/src/Illuminate/Container/BoundMethod.php(36): Illuminate\\Database\\Console\\Migrations\\MigrateCommand->handle()
#29 /home/vermilion/test-project/vendor/laravel/framework/src/Illuminate/Container/Util.php(43): Illuminate\\Container\\BoundMethod::{closure:Illuminate\\Container\\BoundMethod::call():35}()
#30 /home/vermilion/test-project/vendor/laravel/framework/src/Illuminate/Container/BoundMethod.php(96): Illuminate\\Container\\Util::unwrapIfClosure()
#31 /home/vermilion/test-project/vendor/laravel/framework/src/Illuminate/Container/BoundMethod.php(35): Illuminate\\Container\\BoundMethod::callBoundMethod()
#32 /home/vermilion/test-project/vendor/laravel/framework/src/Illuminate/Container/Container.php(799): Illuminate\\Container\\BoundMethod::call()
#33 /home/vermilion/test-project/vendor/laravel/framework/src/Illuminate/Console/Command.php(280): Illuminate\\Container\\Container->call()
#34 /home/vermilion/test-project/vendor/symfony/console/Command/Command.php(341): Illuminate\\Console\\Command->execute()
#35 /home/vermilion/test-project/vendor/laravel/framework/src/Illuminate/Console/Command.php(249): Symfony\\Component\\Console\\Command\\Command->run()
#36 /home/vermilion/test-project/vendor/symfony/console/Application.php(1117): Illuminate\\Console\\Command->run()
#37 /home/vermilion/test-project/vendor/symfony/console/Application.php(356): Symfony\\Component\\Console\\Application->doRunCommand()
#38 /home/vermilion/test-project/vendor/symfony/console/Application.php(195): Symfony\\Component\\Console\\Application->doRun()
#39 /home/vermilion/test-project/vendor/laravel/framework/src/Illuminate/Foundation/Console/Kernel.php(198): Symfony\\Component\\Console\\Application->run()
#40 /home/vermilion/test-project/vendor/laravel/framework/src/Illuminate/Foundation/Application.php(1235): Illuminate\\Foundation\\Console\\Kernel->handle()
#41 /home/vermilion/test-project/artisan(16): Illuminate\\Foundation\\Application->handleCommand()
#42 {main}
"} 
[2026-06-05 16:02:02] local.ERROR: SQLSTATE[HY000] [1045] Access denied for user 'stroy_user?stroy_user'@'172.18.0.1' (using password: YES) (Connection: mysql, Host: 127.0.0.1, Port: 3306, Database: stroy_materials, SQL: select exists (select 1 from information_schema.tables where table_schema = schema() and table_name = 'migrations' and table_type in ('BASE TABLE', 'SYSTEM VERSIONED')) as `exists`) {"exception":"[object] (Illuminate\\Database\\QueryException(code: 1045): SQLSTATE[HY000] [1045] Access denied for user 'stroy_user?stroy_user'@'172.18.0.1' (using password: YES) (Connection: mysql, Host: 127.0.0.1, Port: 3306, Database: stroy_materials, SQL: select exists (select 1 from information_schema.tables where table_schema = schema() and table_name = 'migrations' and table_type in ('BASE TABLE', 'SYSTEM VERSIONED')) as `exists`) at /home/vermilion/test-project/vendor/laravel/framework/src/Illuminate/Database/Connection.php:841)
[stacktrace]
#0 /home/vermilion/test-project/vendor/laravel/framework/src/Illuminate/Database/Connection.php(1021): Illuminate\\Database\\Connection->runQueryCallback()
#1 /home/vermilion/test-project/vendor/laravel/framework/src/Illuminate/Database/Connection.php(1000): Illuminate\\Database\\Connection->tryAgainIfCausedByLostConnection()
#2 /home/vermilion/test-project/vendor/laravel/framework/src/Illuminate/Database/Connection.php(799): Illuminate\\Database\\Connection->handleQueryException()
#3 /home/vermilion/test-project/vendor/laravel/framework/src/Illuminate/Database/Connection.php(412): Illuminate\\Database\\Connection->run()
#4 /home/vermilion/test-project/vendor/laravel/framework/src/Illuminate/Database/Connection.php(357): Illuminate\\Database\\Connection->select()
#5 /home/vermilion/test-project/vendor/laravel/framework/src/Illuminate/Database/Connection.php(374): Illuminate\\Database\\Connection->selectOne()
#6 /home/vermilion/test-project/vendor/laravel/framework/src/Illuminate/Database/Schema/Builder.php(176): Illuminate\\Database\\Connection->scalar()
#7 /home/vermilion/test-project/vendor/laravel/framework/src/Illuminate/Database/Migrations/DatabaseMigrationRepository.php(185): Illuminate\\Database\\Schema\\Builder->hasTable()
#8 /home/vermilion/test-project/vendor/laravel/framework/src/Illuminate/Database/Migrations/Migrator.php(758): Illuminate\\Database\\Migrations\\DatabaseMigrationRepository->repositoryExists()
#9 /home/vermilion/test-project/vendor/laravel/framework/src/Illuminate/Database/Console/Migrations/MigrateCommand.php(166): Illuminate\\Database\\Migrations\\Migrator->repositoryExists()
#10 /home/vermilion/test-project/vendor/laravel/framework/src/Illuminate/Support/helpers.php(328): Illuminate\\Database\\Console\\Migrations\\MigrateCommand->{closure:Illuminate\\Database\\Console\\Migrations\\MigrateCommand::repositoryExists():166}()
#11 /home/vermilion/test-project/vendor/laravel/framework/src/Illuminate/Database/Console/Migrations/MigrateCommand.php(166): retry()
#12 /home/vermilion/test-project/vendor/laravel/framework/src/Illuminate/Database/Console/Migrations/MigrateCommand.php(142): Illuminate\\Database\\Console\\Migrations\\MigrateCommand->repositoryExists()
#13 /home/vermilion/test-project/vendor/laravel/framework/src/Illuminate/Database/Console/Migrations/MigrateCommand.php(112): Illuminate\\Database\\Console\\Migrations\\MigrateCommand->prepareDatabase()
#14 /home/vermilion/test-project/vendor/laravel/framework/src/Illuminate/Database/Migrations/Migrator.php(671): Illuminate\\Database\\Console\\Migrations\\MigrateCommand->{closure:Illuminate\\Database\\Console\\Migrations\\MigrateCommand::runMigrations():111}()
#15 /home/vermilion/test-project/vendor/laravel/framework/src/Illuminate/Database/Console/Migrations/MigrateCommand.php(111): Illuminate\\Database\\Migrations\\Migrator->usingConnection()
#16 /home/vermilion/test-project/vendor/laravel/framework/src/Illuminate/Database/Console/Migrations/MigrateCommand.php(90): Illuminate\\Database\\Console\\Migrations\\MigrateCommand->runMigrations()
#17 /home/vermilion/test-project/vendor/laravel/framework/src/Illuminate/Container/BoundMethod.php(36): Illuminate\\Database\\Console\\Migrations\\MigrateCommand->handle()
#18 /home/vermilion/test-project/vendor/laravel/framework/src/Illuminate/Container/Util.php(43): Illuminate\\Container\\BoundMethod::{closure:Illuminate\\Container\\BoundMethod::call():35}()
#19 /home/vermilion/test-project/vendor/laravel/framework/src/Illuminate/Container/BoundMethod.php(96): Illuminate\\Container\\Util::unwrapIfClosure()
#20 /home/vermilion/test-project/vendor/laravel/framework/src/Illuminate/Container/BoundMethod.php(35): Illuminate\\Container\\BoundMethod::callBoundMethod()
#21 /home/vermilion/test-project/vendor/laravel/framework/src/Illuminate/Container/Container.php(799): Illuminate\\Container\\BoundMethod::call()
#22 /home/vermilion/test-project/vendor/laravel/framework/src/Illuminate/Console/Command.php(280): Illuminate\\Container\\Container->call()
#23 /home/vermilion/test-project/vendor/symfony/console/Command/Command.php(341): Illuminate\\Console\\Command->execute()
#24 /home/vermilion/test-project/vendor/laravel/framework/src/Illuminate/Console/Command.php(249): Symfony\\Component\\Console\\Command\\Command->run()
#25 /home/vermilion/test-project/vendor/symfony/console/Application.php(1117): Illuminate\\Console\\Command->run()
#26 /home/vermilion/test-project/vendor/symfony/console/Application.php(356): Symfony\\Component\\Console\\Application->doRunCommand()
#27 /home/vermilion/test-project/vendor/symfony/console/Application.php(195): Symfony\\Component\\Console\\Application->doRun()
#28 /home/vermilion/test-project/vendor/laravel/framework/src/Illuminate/Foundation/Console/Kernel.php(198): Symfony\\Component\\Console\\Application->run()
#29 /home/vermilion/test-project/vendor/laravel/framework/src/Illuminate/Foundation/Application.php(1235): Illuminate\\Foundation\\Console\\Kernel->handle()
#30 /home/vermilion/test-project/artisan(16): Illuminate\\Foundation\\Application->handleCommand()
#31 {main}

[previous exception] [object] (PDOException(code: 1045): SQLSTATE[HY000] [1045] Access denied for user 'stroy_user?stroy_user'@'172.18.0.1' (using password: YES) at /home/vermilion/test-project/vendor/laravel/framework/src/Illuminate/Database/Connectors/Connector.php:67)
[stacktrace]
#0 /home/vermilion/test-project/vendor/laravel/framework/src/Illuminate/Database/Connectors/Connector.php(67): PDO::connect()
#1 /home/vermilion/test-project/vendor/laravel/framework/src/Illuminate/Database/Connectors/Connector.php(85): Illuminate\\Database\\Connectors\\Connector->createPdoConnection()
#2 /home/vermilion/test-project/vendor/laravel/framework/src/Illuminate/Database/Connectors/Connector.php(48): Illuminate\\Database\\Connectors\\Connector->tryAgainIfCausedByLostConnection()
#3 /home/vermilion/test-project/vendor/laravel/framework/src/Illuminate/Database/Connectors/MySqlConnector.php(24): Illuminate\\Database\\Connectors\\Connector->createConnection()
#4 /home/vermilion/test-project/vendor/laravel/framework/src/Illuminate/Database/Connectors/ConnectionFactory.php(188): Illuminate\\Database\\Connectors\\MySqlConnector->connect()
#5 [internal function]: Illuminate\\Database\\Connectors\\ConnectionFactory->{closure:Illuminate\\Database\\Connectors\\ConnectionFactory::createPdoResolverWithHosts():181}()
#6 /home/vermilion/test-project/vendor/laravel/framework/src/Illuminate/Database/Connection.php(1279): call_user_func()
#7 /home/vermilion/test-project/vendor/laravel/framework/src/Illuminate/Database/Connection.php(1317): Illuminate\\Database\\Connection->getPdo()
#8 /home/vermilion/test-project/vendor/laravel/framework/src/Illuminate/Database/Connection.php(528): Illuminate\\Database\\Connection->getReadPdo()
#9 /home/vermilion/test-project/vendor/laravel/framework/src/Illuminate/Database/Connection.php(421): Illuminate\\Database\\Connection->getPdoForSelect()
#10 /home/vermilion/test-project/vendor/laravel/framework/src/Illuminate/Database/Connection.php(830): Illuminate\\Database\\Connection->{closure:Illuminate\\Database\\Connection::select():412}()
#11 /home/vermilion/test-project/vendor/laravel/framework/src/Illuminate/Database/Connection.php(1021): Illuminate\\Database\\Connection->runQueryCallback()
#12 /home/vermilion/test-project/vendor/laravel/framework/src/Illuminate/Database/Connection.php(1000): Illuminate\\Database\\Connection->tryAgainIfCausedByLostConnection()
#13 /home/vermilion/test-project/vendor/laravel/framework/src/Illuminate/Database/Connection.php(799): Illuminate\\Database\\Connection->handleQueryException()
#14 /home/vermilion/test-project/vendor/laravel/framework/src/Illuminate/Database/Connection.php(412): Illuminate\\Database\\Connection->run()
#15 /home/vermilion/test-project/vendor/laravel/framework/src/Illuminate/Database/Connection.php(357): Illuminate\\Database\\Connection->select()
#16 /home/vermilion/test-project/vendor/laravel/framework/src/Illuminate/Database/Connection.php(374): Illuminate\\Database\\Connection->selectOne()
#17 /home/vermilion/test-project/vendor/laravel/framework/src/Illuminate/Database/Schema/Builder.php(176): Illuminate\\Database\\Connection->scalar()
#18 /home/vermilion/test-project/vendor/laravel/framework/src/Illuminate/Database/Migrations/DatabaseMigrationRepository.php(185): Illuminate\\Database\\Schema\\Builder->hasTable()
#19 /home/vermilion/test-project/vendor/laravel/framework/src/Illuminate/Database/Migrations/Migrator.php(758): Illuminate\\Database\\Migrations\\DatabaseMigrationRepository->repositoryExists()
#20 /home/vermilion/test-project/vendor/laravel/framework/src/Illuminate/Database/Console/Migrations/MigrateCommand.php(166): Illuminate\\Database\\Migrations\\Migrator->repositoryExists()
#21 /home/vermilion/test-project/vendor/laravel/framework/src/Illuminate/Support/helpers.php(328): Illuminate\\Database\\Console\\Migrations\\MigrateCommand->{closure:Illuminate\\Database\\Console\\Migrations\\MigrateCommand::repositoryExists():166}()
#22 /home/vermilion/test-project/vendor/laravel/framework/src/Illuminate/Database/Console/Migrations/MigrateCommand.php(166): retry()
#23 /home/vermilion/test-project/vendor/laravel/framework/src/Illuminate/Database/Console/Migrations/MigrateCommand.php(142): Illuminate\\Database\\Console\\Migrations\\MigrateCommand->repositoryExists()
#24 /home/vermilion/test-project/vendor/laravel/framework/src/Illuminate/Database/Console/Migrations/MigrateCommand.php(112): Illuminate\\Database\\Console\\Migrations\\MigrateCommand->prepareDatabase()
#25 /home/vermilion/test-project/vendor/laravel/framework/src/Illuminate/Database/Migrations/Migrator.php(671): Illuminate\\Database\\Console\\Migrations\\MigrateCommand->{closure:Illuminate\\Database\\Console\\Migrations\\MigrateCommand::runMigrations():111}()
#26 /home/vermilion/test-project/vendor/laravel/framework/src/Illuminate/Database/Console/Migrations/MigrateCommand.php(111): Illuminate\\Database\\Migrations\\Migrator->usingConnection()
#27 /home/vermilion/test-project/vendor/laravel/framework/src/Illuminate/Database/Console/Migrations/MigrateCommand.php(90): Illuminate\\Database\\Console\\Migrations\\MigrateCommand->runMigrations()
#28 /home/vermilion/test-project/vendor/laravel/framework/src/Illuminate/Container/BoundMethod.php(36): Illuminate\\Database\\Console\\Migrations\\MigrateCommand->handle()
#29 /home/vermilion/test-project/vendor/laravel/framework/src/Illuminate/Container/Util.php(43): Illuminate\\Container\\BoundMethod::{closure:Illuminate\\Container\\BoundMethod::call():35}()
#30 /home/vermilion/test-project/vendor/laravel/framework/src/Illuminate/Container/BoundMethod.php(96): Illuminate\\Container\\Util::unwrapIfClosure()
#31 /home/vermilion/test-project/vendor/laravel/framework/src/Illuminate/Container/BoundMethod.php(35): Illuminate\\Container\\BoundMethod::callBoundMethod()
#32 /home/vermilion/test-project/vendor/laravel/framework/src/Illuminate/Container/Container.php(799): Illuminate\\Container\\BoundMethod::call()
#33 /home/vermilion/test-project/vendor/laravel/framework/src/Illuminate/Console/Command.php(280): Illuminate\\Container\\Container->call()
#34 /home/vermilion/test-project/vendor/symfony/console/Command/Command.php(341): Illuminate\\Console\\Command->execute()
#35 /home/vermilion/test-project/vendor/laravel/framework/src/Illuminate/Console/Command.php(249): Symfony\\Component\\Console\\Command\\Command->run()
#36 /home/vermilion/test-project/vendor/symfony/console/Application.php(1117): Illuminate\\Console\\Command->run()
#37 /home/vermilion/test-project/vendor/symfony/console/Application.php(356): Symfony\\Component\\Console\\Application->doRunCommand()
#38 /home/vermilion/test-project/vendor/symfony/console/Application.php(195): Symfony\\Component\\Console\\Application->doRun()
#39 /home/vermilion/test-project/vendor/laravel/framework/src/Illuminate/Foundation/Console/Kernel.php(198): Symfony\\Component\\Console\\Application->run()
#40 /home/vermilion/test-project/vendor/laravel/framework/src/Illuminate/Foundation/Application.php(1235): Illuminate\\Foundation\\Console\\Kernel->handle()
#41 /home/vermilion/test-project/artisan(16): Illuminate\\Foundation\\Application->handleCommand()
#42 {main}
"} 
[2026-06-05 16:02:23] local.ERROR: SQLSTATE[HY000] [1045] Access denied for user 'stroy_user?stroy_user'@'172.18.0.1' (using password: YES) (Connection: mysql, Host: 127.0.0.1, Port: 3306, Database: stroy_materials, SQL: select exists (select 1 from information_schema.tables where table_schema = schema() and table_name = 'migrations' and table_type in ('BASE TABLE', 'SYSTEM VERSIONED')) as `exists`) {"exception":"[object] (Illuminate\\Database\\QueryException(code: 1045): SQLSTATE[HY000] [1045] Access denied for user 'stroy_user?stroy_user'@'172.18.0.1' (using password: YES) (Connection: mysql, Host: 127.0.0.1, Port: 3306, Database: stroy_materials, SQL: select exists (select 1 from information_schema.tables where table_schema = schema() and table_name = 'migrations' and table_type in ('BASE TABLE', 'SYSTEM VERSIONED')) as `exists`) at /home/vermilion/test-project/vendor/laravel/framework/src/Illuminate/Database/Connection.php:841)
[stacktrace]
#0 /home/vermilion/test-project/vendor/laravel/framework/src/Illuminate/Database/Connection.php(1021): Illuminate\\Database\\Connection->runQueryCallback()
#1 /home/vermilion/test-project/vendor/laravel/framework/src/Illuminate/Database/Connection.php(1000): Illuminate\\Database\\Connection->tryAgainIfCausedByLostConnection()
#2 /home/vermilion/test-project/vendor/laravel/framework/src/Illuminate/Database/Connection.php(799): Illuminate\\Database\\Connection->handleQueryException()
#3 /home/vermilion/test-project/vendor/laravel/framework/src/Illuminate/Database/Connection.php(412): Illuminate\\Database\\Connection->run()
#4 /home/vermilion/test-project/vendor/laravel/framework/src/Illuminate/Database/Connection.php(357): Illuminate\\Database\\Connection->select()
#5 /home/vermilion/test-project/vendor/laravel/framework/src/Illuminate/Database/Connection.php(374): Illuminate\\Database\\Connection->selectOne()
#6 /home/vermilion/test-project/vendor/laravel/framework/src/Illuminate/Database/Schema/Builder.php(176): Illuminate\\Database\\Connection->scalar()
#7 /home/vermilion/test-project/vendor/laravel/framework/src/Illuminate/Database/Migrations/DatabaseMigrationRepository.php(185): Illuminate\\Database\\Schema\\Builder->hasTable()
#8 /home/vermilion/test-project/vendor/laravel/framework/src/Illuminate/Database/Migrations/Migrator.php(758): Illuminate\\Database\\Migrations\\DatabaseMigrationRepository->repositoryExists()
#9 /home/vermilion/test-project/vendor/laravel/framework/src/Illuminate/Database/Console/Migrations/MigrateCommand.php(166): Illuminate\\Database\\Migrations\\Migrator->repositoryExists()
#10 /home/vermilion/test-project/vendor/laravel/framework/src/Illuminate/Support/helpers.php(328): Illuminate\\Database\\Console\\Migrations\\MigrateCommand->{closure:Illuminate\\Database\\Console\\Migrations\\MigrateCommand::repositoryExists():166}()
#11 /home/vermilion/test-project/vendor/laravel/framework/src/Illuminate/Database/Console/Migrations/MigrateCommand.php(166): retry()
#12 /home/vermilion/test-project/vendor/laravel/framework/src/Illuminate/Database/Console/Migrations/MigrateCommand.php(142): Illuminate\\Database\\Console\\Migrations\\MigrateCommand->repositoryExists()
#13 /home/vermilion/test-project/vendor/laravel/framework/src/Illuminate/Database/Console/Migrations/MigrateCommand.php(112): Illuminate\\Database\\Console\\Migrations\\MigrateCommand->prepareDatabase()
#14 /home/vermilion/test-project/vendor/laravel/framework/src/Illuminate/Database/Migrations/Migrator.php(671): Illuminate\\Database\\Console\\Migrations\\MigrateCommand->{closure:Illuminate\\Database\\Console\\Migrations\\MigrateCommand::runMigrations():111}()
#15 /home/vermilion/test-project/vendor/laravel/framework/src/Illuminate/Database/Console/Migrations/MigrateCommand.php(111): Illuminate\\Database\\Migrations\\Migrator->usingConnection()
#16 /home/vermilion/test-project/vendor/laravel/framework/src/Illuminate/Database/Console/Migrations/MigrateCommand.php(90): Illuminate\\Database\\Console\\Migrations\\MigrateCommand->runMigrations()
#17 /home/vermilion/test-project/vendor/laravel/framework/src/Illuminate/Container/BoundMethod.php(36): Illuminate\\Database\\Console\\Migrations\\MigrateCommand->handle()
#18 /home/vermilion/test-project/vendor/laravel/framework/src/Illuminate/Container/Util.php(43): Illuminate\\Container\\BoundMethod::{closure:Illuminate\\Container\\BoundMethod::call():35}()
#19 /home/vermilion/test-project/vendor/laravel/framework/src/Illuminate/Container/BoundMethod.php(96): Illuminate\\Container\\Util::unwrapIfClosure()
#20 /home/vermilion/test-project/vendor/laravel/framework/src/Illuminate/Container/BoundMethod.php(35): Illuminate\\Container\\BoundMethod::callBoundMethod()
#21 /home/vermilion/test-project/vendor/laravel/framework/src/Illuminate/Container/Container.php(799): Illuminate\\Container\\BoundMethod::call()
#22 /home/vermilion/test-project/vendor/laravel/framework/src/Illuminate/Console/Command.php(280): Illuminate\\Container\\Container->call()
#23 /home/vermilion/test-project/vendor/symfony/console/Command/Command.php(341): Illuminate\\Console\\Command->execute()
#24 /home/vermilion/test-project/vendor/laravel/framework/src/Illuminate/Console/Command.php(249): Symfony\\Component\\Console\\Command\\Command->run()
#25 /home/vermilion/test-project/vendor/symfony/console/Application.php(1117): Illuminate\\Console\\Command->run()
#26 /home/vermilion/test-project/vendor/symfony/console/Application.php(356): Symfony\\Component\\Console\\Application->doRunCommand()
#27 /home/vermilion/test-project/vendor/symfony/console/Application.php(195): Symfony\\Component\\Console\\Application->doRun()
#28 /home/vermilion/test-project/vendor/laravel/framework/src/Illuminate/Foundation/Console/Kernel.php(198): Symfony\\Component\\Console\\Application->run()
#29 /home/vermilion/test-project/vendor/laravel/framework/src/Illuminate/Foundation/Application.php(1235): Illuminate\\Foundation\\Console\\Kernel->handle()
#30 /home/vermilion/test-project/artisan(16): Illuminate\\Foundation\\Application->handleCommand()
#31 {main}

[previous exception] [object] (PDOException(code: 1045): SQLSTATE[HY000] [1045] Access denied for user 'stroy_user?stroy_user'@'172.18.0.1' (using password: YES) at /home/vermilion/test-project/vendor/laravel/framework/src/Illuminate/Database/Connectors/Connector.php:67)
[stacktrace]
#0 /home/vermilion/test-project/vendor/laravel/framework/src/Illuminate/Database/Connectors/Connector.php(67): PDO::connect()
#1 /home/vermilion/test-project/vendor/laravel/framework/src/Illuminate/Database/Connectors/Connector.php(85): Illuminate\\Database\\Connectors\\Connector->createPdoConnection()
#2 /home/vermilion/test-project/vendor/laravel/framework/src/Illuminate/Database/Connectors/Connector.php(48): Illuminate\\Database\\Connectors\\Connector->tryAgainIfCausedByLostConnection()
#3 /home/vermilion/test-project/vendor/laravel/framework/src/Illuminate/Database/Connectors/MySqlConnector.php(24): Illuminate\\Database\\Connectors\\Connector->createConnection()
#4 /home/vermilion/test-project/vendor/laravel/framework/src/Illuminate/Database/Connectors/ConnectionFactory.php(188): Illuminate\\Database\\Connectors\\MySqlConnector->connect()
#5 [internal function]: Illuminate\\Database\\Connectors\\ConnectionFactory->{closure:Illuminate\\Database\\Connectors\\ConnectionFactory::createPdoResolverWithHosts():181}()
#6 /home/vermilion/test-project/vendor/laravel/framework/src/Illuminate/Database/Connection.php(1279): call_user_func()
#7 /home/vermilion/test-project/vendor/laravel/framework/src/Illuminate/Database/Connection.php(1317): Illuminate\\Database\\Connection->getPdo()
#8 /home/vermilion/test-project/vendor/laravel/framework/src/Illuminate/Database/Connection.php(528): Illuminate\\Database\\Connection->getReadPdo()
#9 /home/vermilion/test-project/vendor/laravel/framework/src/Illuminate/Database/Connection.php(421): Illuminate\\Database\\Connection->getPdoForSelect()
#10 /home/vermilion/test-project/vendor/laravel/framework/src/Illuminate/Database/Connection.php(830): Illuminate\\Database\\Connection->{closure:Illuminate\\Database\\Connection::select():412}()
#11 /home/vermilion/test-project/vendor/laravel/framework/src/Illuminate/Database/Connection.php(1021): Illuminate\\Database\\Connection->runQueryCallback()
#12 /home/vermilion/test-project/vendor/laravel/framework/src/Illuminate/Database/Connection.php(1000): Illuminate\\Database\\Connection->tryAgainIfCausedByLostConnection()
#13 /home/vermilion/test-project/vendor/laravel/framework/src/Illuminate/Database/Connection.php(799): Illuminate\\Database\\Connection->handleQueryException()
#14 /home/vermilion/test-project/vendor/laravel/framework/src/Illuminate/Database/Connection.php(412): Illuminate\\Database\\Connection->run()
#15 /home/vermilion/test-project/vendor/laravel/framework/src/Illuminate/Database/Connection.php(357): Illuminate\\Database\\Connection->select()
#16 /home/vermilion/test-project/vendor/laravel/framework/src/Illuminate/Database/Connection.php(374): Illuminate\\Database\\Connection->selectOne()
#17 /home/vermilion/test-project/vendor/laravel/framework/src/Illuminate/Database/Schema/Builder.php(176): Illuminate\\Database\\Connection->scalar()
#18 /home/vermilion/test-project/vendor/laravel/framework/src/Illuminate/Database/Migrations/DatabaseMigrationRepository.php(185): Illuminate\\Database\\Schema\\Builder->hasTable()
#19 /home/vermilion/test-project/vendor/laravel/framework/src/Illuminate/Database/Migrations/Migrator.php(758): Illuminate\\Database\\Migrations\\DatabaseMigrationRepository->repositoryExists()
#20 /home/vermilion/test-project/vendor/laravel/framework/src/Illuminate/Database/Console/Migrations/MigrateCommand.php(166): Illuminate\\Database\\Migrations\\Migrator->repositoryExists()
#21 /home/vermilion/test-project/vendor/laravel/framework/src/Illuminate/Support/helpers.php(328): Illuminate\\Database\\Console\\Migrations\\MigrateCommand->{closure:Illuminate\\Database\\Console\\Migrations\\MigrateCommand::repositoryExists():166}()
#22 /home/vermilion/test-project/vendor/laravel/framework/src/Illuminate/Database/Console/Migrations/MigrateCommand.php(166): retry()
#23 /home/vermilion/test-project/vendor/laravel/framework/src/Illuminate/Database/Console/Migrations/MigrateCommand.php(142): Illuminate\\Database\\Console\\Migrations\\MigrateCommand->repositoryExists()
#24 /home/vermilion/test-project/vendor/laravel/framework/src/Illuminate/Database/Console/Migrations/MigrateCommand.php(112): Illuminate\\Database\\Console\\Migrations\\MigrateCommand->prepareDatabase()
#25 /home/vermilion/test-project/vendor/laravel/framework/src/Illuminate/Database/Migrations/Migrator.php(671): Illuminate\\Database\\Console\\Migrations\\MigrateCommand->{closure:Illuminate\\Database\\Console\\Migrations\\MigrateCommand::runMigrations():111}()
#26 /home/vermilion/test-project/vendor/laravel/framework/src/Illuminate/Database/Console/Migrations/MigrateCommand.php(111): Illuminate\\Database\\Migrations\\Migrator->usingConnection()
#27 /home/vermilion/test-project/vendor/laravel/framework/src/Illuminate/Database/Console/Migrations/MigrateCommand.php(90): Illuminate\\Database\\Console\\Migrations\\MigrateCommand->runMigrations()
#28 /home/vermilion/test-project/vendor/laravel/framework/src/Illuminate/Container/BoundMethod.php(36): Illuminate\\Database\\Console\\Migrations\\MigrateCommand->handle()
#29 /home/vermilion/test-project/vendor/laravel/framework/src/Illuminate/Container/Util.php(43): Illuminate\\Container\\BoundMethod::{closure:Illuminate\\Container\\BoundMethod::call():35}()
#30 /home/vermilion/test-project/vendor/laravel/framework/src/Illuminate/Container/BoundMethod.php(96): Illuminate\\Container\\Util::unwrapIfClosure()
#31 /home/vermilion/test-project/vendor/laravel/framework/src/Illuminate/Container/BoundMethod.php(35): Illuminate\\Container\\BoundMethod::callBoundMethod()
#32 /home/vermilion/test-project/vendor/laravel/framework/src/Illuminate/Container/Container.php(799): Illuminate\\Container\\BoundMethod::call()
#33 /home/vermilion/test-project/vendor/laravel/framework/src/Illuminate/Console/Command.php(280): Illuminate\\Container\\Container->call()
#34 /home/vermilion/test-project/vendor/symfony/console/Command/Command.php(341): Illuminate\\Console\\Command->execute()
#35 /home/vermilion/test-project/vendor/laravel/framework/src/Illuminate/Console/Command.php(249): Symfony\\Component\\Console\\Command\\Command->run()
#36 /home/vermilion/test-project/vendor/symfony/console/Application.php(1117): Illuminate\\Console\\Command->run()
#37 /home/vermilion/test-project/vendor/symfony/console/Application.php(356): Symfony\\Component\\Console\\Application->doRunCommand()
#38 /home/vermilion/test-project/vendor/symfony/console/Application.php(195): Symfony\\Component\\Console\\Application->doRun()
#39 /home/vermilion/test-project/vendor/laravel/framework/src/Illuminate/Foundation/Console/Kernel.php(198): Symfony\\Component\\Console\\Application->run()
#40 /home/vermilion/test-project/vendor/laravel/framework/src/Illuminate/Foundation/Application.php(1235): Illuminate\\Foundation\\Console\\Kernel->handle()
#41 /home/vermilion/test-project/artisan(16): Illuminate\\Foundation\\Application->handleCommand()
#42 {main}
"} 
[2026-06-05 16:03:48] local.ERROR: SQLSTATE[23000]: Integrity constraint violation: 1062 Duplicate entry '1' for key 'roles.PRIMARY' (Connection: mysql, Host: 127.0.0.1, Port: 3306, Database: stroy_materials, SQL: INSERT INTO roles (id, name) VALUES
(1, 'Администратор'),
(2, 'Менеджер'),
(3, 'Авторизированный клиент');

INSERT INTO users (id, role_id, full_name, login, password) VALUES
(1, 1, 'Ворсин Петр Евгеньевич', '94d5ous@gmail.com', 'uzWC67'),
(2, 1, 'Старикова Елена Павловна', 'uth4iz@mail.com', '2L6KZG'),
(3, 1, 'Одинцов Серафим Артёмович', 'yzls62@outlook.com', 'JlFRCZ'),
(4, 2, 'Степанов Михаил Артёмович', '1diph5e@tutanota.com', '8ntwUp'),
(5, 2, 'Ворсин Петр Евгеньевич', 'tjde7c@yahoo.com', 'YOyhfR'),
(6, 2, 'Старикова Елена Павловна', 'wpmrc3do@tutanota.com', 'RSbvHv'),
(7, 3, 'Михайлюк Анна Вячеславовна', '5d4zbu@tutanota.com', 'rwVDh9'),
(8, 3, 'Ситдикова Елена Анатольевна', 'ptec8ym@yahoo.com', 'LdNyos'),
(9, 3, 'Никифорова Весения Николаевна', '1qz4kw@mail.com', 'gynQMT'),
(10, 3, 'Сазонов Руслан Германович', '4np6se@mail.com', 'AtnDjr');

INSERT INTO categories (id, name) VALUES
(1, 'Общестроительные материалы'),
(2, 'Стеновые и фасадные материалы'),
(3, 'Сухие строительные смеси и гидроизоляция'),
(4, 'Ручной инструмент'),
(5, 'Защита лица, глаз, головы');

INSERT INTO manufacturers (id, name) VALUES
(1, 'М500'),
(2, 'Изостронг'),
(3, 'Knauf'),
(4, 'MixMaster'),
(5, 'ЛСР'),
(6, 'ВОЛМА'),
(7, 'Vinylon'),
(8, 'Павловский завод'),
(9, 'Weber'),
(10, 'Hesler'),
(11, 'Armero'),
(12, 'Wenzo Roma'),
(13, 'KILIMGRIN'),
(14, 'Исток'),
(15, 'RUIZ'),
(16, 'Husqvarna'),
(17, 'Delta');

INSERT INTO suppliers (id, name) VALUES
(1, 'М500'),
(2, 'Изостронг'),
(3, 'Knauf'),
(4, 'MixMaster'),
(5, 'ЛСР'),
(6, 'ВОЛМА'),
(7, 'Vinylon'),
(8, 'Павловский завод'),
(9, 'Weber'),
(10, 'Hesler'),
(11, 'Armero'),
(12, 'Wenzo Roma'),
(13, 'KILIMGRIN'),
(14, 'Исток'),
(15, 'RUIZ'),
(16, 'Husqvarna'),
(17, 'Delta');

INSERT INTO units (id, name) VALUES
(1, 'шт.');

INSERT INTO products (id, article, name, description, category_id, manufacturer_id, supplier_id, unit_id, price, discount, stock_quantity, photo) VALUES
(1, 'PMEZMH', 'Цемент', 'Цемент Евроцемент М500 Д0 ЦЕМ I 42,5 50 кг', 1, 1, 1, 1, 440.00, 8, 34, 'images/PMEZMH.jpg'),
(2, 'BPV4MM', 'Пленка техническая', 'Пленка техническая полиэтиленовая Изостронг 60 мк 3 м рукав 1,5 м, пог.м', 1, 2, 2, 1, 8.00, 8, 2, 'images/BPV4MM.jpg'),
(3, 'JVL42J', 'Пленка техническая', 'Пленка техническая полиэтиленовая Изостронг 100 мк 3 м рукав 1,5 м, пог.м', 1, 2, 2, 1, 13.00, 4, 34, 'images/JVL42J.jpg'),
(4, 'F895RB', 'Песок строительный', 'Песок строительный 50 кг', 1, 3, 3, 1, 102.00, 6, 7, 'images/F895RB.jpg'),
(5, '3XBOTN', 'Керамзит фракция', 'Керамзит фракция 10-20 мм 0,05 куб.м', 1, 4, 4, 1, 110.00, 5, 21, 'images/3XBOTN.jpg'),
(6, '3L7RCZ', 'Газобетон', 'Газобетон ЛСР 100х250х625 мм D400', 2, 5, 5, 1, 7400.00, 2, 20, 'images/3L7RCZ.jpg'),
(7, 'S72AM3', 'Пазогребневая плита', 'Пазогребневая плита ВОЛМА Гидро 667х500х80 мм полнотелая', 2, 6, 6, 1, 500.00, 5, 35, 'images/S72AM3.jpg'),
(8, '2G3280', 'Угол наружный', 'Угол наружный Vinylon 3050 мм серо-голубой', 2, 7, 7, 1, 795.00, 9, 20, 'images/2G3280.jpg'),
(9, 'MIO8YV', 'Кирпич', 'Кирпич рядовой Боровичи полнотелый М150 250х120х65 мм 1NF', 2, 6, 6, 1, 30.00, 9, 31, 'images/MIO8YV.jpg'),
(10, 'UER2QD', 'Скоба для пазогребневой плиты', 'Скоба для пазогребневой плиты Knauf С1 120х100 мм', 2, 3, 3, 1, 25.00, 8, 27, 'images/UER2QD.jpg'),
(11, 'ZR70B4', 'Кирпич', 'Кирпич рядовой силикатный Павловский завод полнотелый М200 250х120х65 мм 1NF', 2, 8, 8, 1, 16.00, 3, 0, NULL),
(12, 'LPDDM4', 'Штукатурка гипсовая', 'Штукатурка гипсовая Knauf Ротбанд 30 кг', 3, 3, 3, 1, 500.00, 6, 38, NULL),
(13, 'LQ48MW', 'Штукатурка гипсовая', 'Штукатурка гипсовая Knauf МП-75 машинная 30 кг', 3, 9, 9, 1, 462.00, 6, 33, NULL),
(14, 'O43COU', 'Шпаклевка', 'Шпаклевка полимерная Weber.vetonit LR + для сухих помещений белая 20 кг', 3, 6, 6, 1, 750.00, 1, 16, NULL),
(15, 'M26EXW', 'Клей для плитки, керамогранита и камня', 'Клей для плитки, керамогранита и камня Крепс Усиленный серый (класс С1) 25 кг', 3, 3, 3, 1, 340.00, 8, 0, NULL),
(16, 'K0YACK', 'Смесь цементно-песчаная', 'Смесь цементно-песчаная (ЦПС) 300 по ТУ MixMaster Универсал 25 кг', 3, 4, 4, 1, 160.00, 8, 19, NULL),
(17, 'ASPXSG', 'Ровнитель', 'Ровнитель (наливной пол) финишный Weber.vetonit 4100 самовыравнивающийся высокопрочный 20 кг', 3, 9, 9, 1, 711.00, 10, 20, NULL),
(18, 'ZKQ5FF', 'Лезвие для ножа', 'Лезвие для ножа Hesler 18 мм прямое (10 шт.)', 4, 10, 10, 1, 65.00, 6, 6, NULL),
(19, '4WZEOT', 'Лезвие для ножа', 'Лезвие для ножа Armero 18 мм прямое (10 шт.)', 4, 11, 11, 1, 110.00, 6, 17, NULL),
(20, '4JR1HN', 'Шпатель', 'Шпатель малярный 100 мм с пластиковой ручкой', 4, 10, 10, 1, 26.00, 6, 7, NULL),
(21, 'Z3XFSP', 'Нож строительный', 'Нож строительный Hesler 18 мм с ломающимся лезвием пластиковый корпус', 4, 10, 10, 1, 63.00, 8, 5, NULL),
(22, 'I6MH89', 'Валик', 'Валик Wenzo Roma полиакрил 250 мм ворс 18 мм для красок грунтов и антисептиков на водной основе с рукояткой', 4, 12, 12, 1, 326.00, 12, 3, NULL),
(23, '83M5ME', 'Кисть', 'Кисть плоская смешанная щетина 100х12 мм для красок и антисептиков на водной основе', 4, 11, 11, 1, 122.00, 9, 26, NULL),
(24, '61PGH3', 'Очки защитные', 'Очки защитные Delta Plus KILIMANDJARO (KILIMGRIN) открытые с прозрачными линзами', 5, 13, 13, 1, 184.00, 6, 25, NULL),
(25, 'GN6ICZ', 'Каска защитная', 'Каска защитная Исток (КАС001О) оранжевая', 5, 14, 14, 1, 154.00, 15, 8, NULL),
(26, 'Z3LO0U', 'Очки защитные', 'Очки защитные Delta Plus RUIZ (RUIZ1VI) закрытые с прозрачными линзами', 5, 15, 15, 1, 228.00, 9, 11, NULL),
(27, 'QHNOKR', 'Маска защитная', 'Маска защитная Исток (ЩИТ001) ударопрочная и термостойкая', 5, 14, 14, 1, 251.00, 2, 22, NULL),
(28, 'EQ6RKO', 'Подшлемник', 'Подшлемник для каски одноразовый', 5, 16, 16, 1, 36.00, 17, 22, NULL),
(29, '81F1WG', 'Каска защитная', 'Каска защитная Delta Plus BASEBALL DIAMOND V UP (DIAM5UPBCFLBS) белая', 5, 17, 17, 1, 1500.00, 2, 13, NULL),
(30, '0YGHZ7', 'Очки защитные', 'Очки защитные Husqvarna Clear (5449638-01) открытые с прозрачными линзами', 5, 16, 16, 1, 700.00, 9, 36, NULL);

INSERT INTO pickup_points (id, address) VALUES
(1, '420151, г. Лесной, ул. Вишневая, 32'),
(2, '125061, г. Лесной, ул. Подгорная, 8'),
(3, '630370, г. Лесной, ул. Шоссейная, 24'),
(4, '400562, г. Лесной, ул. Зеленая, 32'),
(5, '614510, г. Лесной, ул. Маяковского, 47'),
(6, '410542, г. Лесной, ул. Светлая, 46'),
(7, '620839, г. Лесной, ул. Цветочная, 8'),
(8, '443890, г. Лесной, ул. Коммунистическая, 1'),
(9, '603379, г. Лесной, ул. Спортивная, 46'),
(10, '603721, г. Лесной, ул. Гоголя, 41'),
(11, '410172, г. Лесной, ул. Северная, 13'),
(12, '614611, г. Лесной, ул. Молодежная, 50'),
(13, '454311, г. Лесной, ул. Новая, 19'),
(14, '660007, г. Лесной, ул. Октябрьская, 19'),
(15, '603036, г. Лесной, ул. Садовая, 4'),
(16, '394060, г. Лесной, ул. Фрунзе, 43'),
(17, '410661, г. Лесной, ул. Школьная, 50'),
(18, '625590, г. Лесной, ул. Коммунистическая, 20'),
(19, '625683, г. Лесной, ул. 8 Марта'),
(20, '450983, г. Лесной, ул. Комсомольская, 26'),
(21, '394782, г. Лесной, ул. Чехова, 3'),
(22, '603002, г. Лесной, ул. Дзержинского, 28'),
(23, '450558, г. Лесной, ул. Набережная, 30'),
(24, '344288, г. Лесной, ул. Чехова, 1'),
(25, '614164, г. Лесной, ул. Степная, 30'),
(26, '394242, г. Лесной, ул. Коммунистическая, 43'),
(27, '660540, г. Лесной, ул. Солнечная, 25'),
(28, '125837, г. Лесной, ул. Шоссейная, 40'),
(29, '125703, г. Лесной, ул. Партизанская, 49'),
(30, '625283, г. Лесной, ул. Победы, 46'),
(31, '614753, г. Лесной, ул. Полевая, 35'),
(32, '426030, г. Лесной, ул. Маяковского, 44'),
(33, '450375, г. Лесной ул. Клубная, 44'),
(34, '625560, г. Лесной, ул. Некрасова, 12'),
(35, '630201, г. Лесной, ул. Комсомольская, 17'),
(36, '190949, г. Лесной, ул. Мичурина, 26');

INSERT INTO order_statuses (id, name) VALUES
(1, 'Завершен'),
(2, 'Новый');

INSERT INTO orders (id, order_date, delivery_date, pickup_point_id, user_id, receive_code, status_id) VALUES
(1, '2025-02-27', '2025-04-20', 1, 7, 901, 1),
(2, '2024-09-28', '2025-04-21', 11, 8, 902, 1),
(3, '2025-03-21', '2025-04-22', 2, 9, 903, 1),
(4, '2025-02-20', '2025-04-23', 11, 10, 904, 1),
(5, '2025-03-17', '2025-04-24', 2, 7, 905, 1),
(6, '2025-03-01', '2025-04-25', 15, 8, 906, 1),
(7, '2025-02-28', '2025-04-26', 3, 9, 907, 1),
(8, '2025-03-31', '2025-04-27', 19, 10, 908, 2),
(9, '2025-04-02', '2025-04-28', 5, 9, 909, 2),
(10, '2025-04-03', '2025-04-29', 19, 10, 910, 2);

INSERT INTO order_items (order_id, product_id, quantity) VALUES
(1, 1, 2),
(1, 2, 2),
(2, 3, 1),
(2, 4, 1),
(3, 5, 10),
(3, 6, 10),
(4, 7, 5),
(4, 8, 4),
(5, 9, 2),
(5, 10, 2),
(6, 11, 1),
(6, 12, 1),
(7, 13, 10),
(7, 14, 10),
(8, 15, 5),
(8, 16, 4),
(9, 17, 5),
(9, 18, 1),
(10, 19, 5),
(10, 20, 5);) {"exception":"[object] (Illuminate\\Database\\UniqueConstraintViolationException(code: 23000): SQLSTATE[23000]: Integrity constraint violation: 1062 Duplicate entry '1' for key 'roles.PRIMARY' (Connection: mysql, Host: 127.0.0.1, Port: 3306, Database: stroy_materials, SQL: INSERT INTO roles (id, name) VALUES

(1, 'Администратор'),

(2, 'Менеджер'),

(3, 'Авторизированный клиент');



INSERT INTO users (id, role_id, full_name, login, password) VALUES

(1, 1, 'Ворсин Петр Евгеньевич', '94d5ous@gmail.com', 'uzWC67'),

(2, 1, 'Старикова Елена Павловна', 'uth4iz@mail.com', '2L6KZG'),

(3, 1, 'Одинцов Серафим Артёмович', 'yzls62@outlook.com', 'JlFRCZ'),

(4, 2, 'Степанов Михаил Артёмович', '1diph5e@tutanota.com', '8ntwUp'),

(5, 2, 'Ворсин Петр Евгеньевич', 'tjde7c@yahoo.com', 'YOyhfR'),

(6, 2, 'Старикова Елена Павловна', 'wpmrc3do@tutanota.com', 'RSbvHv'),

(7, 3, 'Михайлюк Анна Вячеславовна', '5d4zbu@tutanota.com', 'rwVDh9'),

(8, 3, 'Ситдикова Елена Анатольевна', 'ptec8ym@yahoo.com', 'LdNyos'),

(9, 3, 'Никифорова Весения Николаевна', '1qz4kw@mail.com', 'gynQMT'),

(10, 3, 'Сазонов Руслан Германович', '4np6se@mail.com', 'AtnDjr');



INSERT INTO categories (id, name) VALUES

(1, 'Общестроительные материалы'),

(2, 'Стеновые и фасадные материалы'),

(3, 'Сухие строительные смеси и гидроизоляция'),

(4, 'Ручной инструмент'),

(5, 'Защита лица, глаз, головы');



INSERT INTO manufacturers (id, name) VALUES

(1, 'М500'),

(2, 'Изостронг'),

(3, 'Knauf'),

(4, 'MixMaster'),

(5, 'ЛСР'),

(6, 'ВОЛМА'),

(7, 'Vinylon'),

(8, 'Павловский завод'),

(9, 'Weber'),

(10, 'Hesler'),

(11, 'Armero'),

(12, 'Wenzo Roma'),

(13, 'KILIMGRIN'),

(14, 'Исток'),

(15, 'RUIZ'),

(16, 'Husqvarna'),

(17, 'Delta');



INSERT INTO suppliers (id, name) VALUES

(1, 'М500'),

(2, 'Изостронг'),

(3, 'Knauf'),

(4, 'MixMaster'),

(5, 'ЛСР'),

(6, 'ВОЛМА'),

(7, 'Vinylon'),

(8, 'Павловский завод'),

(9, 'Weber'),

(10, 'Hesler'),

(11, 'Armero'),

(12, 'Wenzo Roma'),

(13, 'KILIMGRIN'),

(14, 'Исток'),

(15, 'RUIZ'),

(16, 'Husqvarna'),

(17, 'Delta');



INSERT INTO units (id, name) VALUES

(1, 'шт.');



INSERT INTO products (id, article, name, description, category_id, manufacturer_id, supplier_id, unit_id, price, discount, stock_quantity, photo) VALUES

(1, 'PMEZMH', 'Цемент', 'Цемент Евроцемент М500 Д0 ЦЕМ I 42,5 50 кг', 1, 1, 1, 1, 440.00, 8, 34, 'images/PMEZMH.jpg'),

(2, 'BPV4MM', 'Пленка техническая', 'Пленка техническая полиэтиленовая Изостронг 60 мк 3 м рукав 1,5 м, пог.м', 1, 2, 2, 1, 8.00, 8, 2, 'images/BPV4MM.jpg'),

(3, 'JVL42J', 'Пленка техническая', 'Пленка техническая полиэтиленовая Изостронг 100 мк 3 м рукав 1,5 м, пог.м', 1, 2, 2, 1, 13.00, 4, 34, 'images/JVL42J.jpg'),

(4, 'F895RB', 'Песок строительный', 'Песок строительный 50 кг', 1, 3, 3, 1, 102.00, 6, 7, 'images/F895RB.jpg'),

(5, '3XBOTN', 'Керамзит фракция', 'Керамзит фракция 10-20 мм 0,05 куб.м', 1, 4, 4, 1, 110.00, 5, 21, 'images/3XBOTN.jpg'),

(6, '3L7RCZ', 'Газобетон', 'Газобетон ЛСР 100х250х625 мм D400', 2, 5, 5, 1, 7400.00, 2, 20, 'images/3L7RCZ.jpg'),

(7, 'S72AM3', 'Пазогребневая плита', 'Пазогребневая плита ВОЛМА Гидро 667х500х80 мм полнотелая', 2, 6, 6, 1, 500.00, 5, 35, 'images/S72AM3.jpg'),

(8, '2G3280', 'Угол наружный', 'Угол наружный Vinylon 3050 мм серо-голубой', 2, 7, 7, 1, 795.00, 9, 20, 'images/2G3280.jpg'),

(9, 'MIO8YV', 'Кирпич', 'Кирпич рядовой Боровичи полнотелый М150 250х120х65 мм 1NF', 2, 6, 6, 1, 30.00, 9, 31, 'images/MIO8YV.jpg'),

(10, 'UER2QD', 'Скоба для пазогребневой плиты', 'Скоба для пазогребневой плиты Knauf С1 120х100 мм', 2, 3, 3, 1, 25.00, 8, 27, 'images/UER2QD.jpg'),

(11, 'ZR70B4', 'Кирпич', 'Кирпич рядовой силикатный Павловский завод полнотелый М200 250х120х65 мм 1NF', 2, 8, 8, 1, 16.00, 3, 0, NULL),

(12, 'LPDDM4', 'Штукатурка гипсовая', 'Штукатурка гипсовая Knauf Ротбанд 30 кг', 3, 3, 3, 1, 500.00, 6, 38, NULL),

(13, 'LQ48MW', 'Штукатурка гипсовая', 'Штукатурка гипсовая Knauf МП-75 машинная 30 кг', 3, 9, 9, 1, 462.00, 6, 33, NULL),

(14, 'O43COU', 'Шпаклевка', 'Шпаклевка полимерная Weber.vetonit LR + для сухих помещений белая 20 кг', 3, 6, 6, 1, 750.00, 1, 16, NULL),

(15, 'M26EXW', 'Клей для плитки, керамогранита и камня', 'Клей для плитки, керамогранита и камня Крепс Усиленный серый (класс С1) 25 кг', 3, 3, 3, 1, 340.00, 8, 0, NULL),

(16, 'K0YACK', 'Смесь цементно-песчаная', 'Смесь цементно-песчаная (ЦПС) 300 по ТУ MixMaster Универсал 25 кг', 3, 4, 4, 1, 160.00, 8, 19, NULL),

(17, 'ASPXSG', 'Ровнитель', 'Ровнитель (наливной пол) финишный Weber.vetonit 4100 самовыравнивающийся высокопрочный 20 кг', 3, 9, 9, 1, 711.00, 10, 20, NULL),

(18, 'ZKQ5FF', 'Лезвие для ножа', 'Лезвие для ножа Hesler 18 мм прямое (10 шт.)', 4, 10, 10, 1, 65.00, 6, 6, NULL),

(19, '4WZEOT', 'Лезвие для ножа', 'Лезвие для ножа Armero 18 мм прямое (10 шт.)', 4, 11, 11, 1, 110.00, 6, 17, NULL),

(20, '4JR1HN', 'Шпатель', 'Шпатель малярный 100 мм с пластиковой ручкой', 4, 10, 10, 1, 26.00, 6, 7, NULL),

(21, 'Z3XFSP', 'Нож строительный', 'Нож строительный Hesler 18 мм с ломающимся лезвием пластиковый корпус', 4, 10, 10, 1, 63.00, 8, 5, NULL),

(22, 'I6MH89', 'Валик', 'Валик Wenzo Roma полиакрил 250 мм ворс 18 мм для красок грунтов и антисептиков на водной основе с рукояткой', 4, 12, 12, 1, 326.00, 12, 3, NULL),

(23, '83M5ME', 'Кисть', 'Кисть плоская смешанная щетина 100х12 мм для красок и антисептиков на водной основе', 4, 11, 11, 1, 122.00, 9, 26, NULL),

(24, '61PGH3', 'Очки защитные', 'Очки защитные Delta Plus KILIMANDJARO (KILIMGRIN) открытые с прозрачными линзами', 5, 13, 13, 1, 184.00, 6, 25, NULL),

(25, 'GN6ICZ', 'Каска защитная', 'Каска защитная Исток (КАС001О) оранжевая', 5, 14, 14, 1, 154.00, 15, 8, NULL),

(26, 'Z3LO0U', 'Очки защитные', 'Очки защитные Delta Plus RUIZ (RUIZ1VI) закрытые с прозрачными линзами', 5, 15, 15, 1, 228.00, 9, 11, NULL),

(27, 'QHNOKR', 'Маска защитная', 'Маска защитная Исток (ЩИТ001) ударопрочная и термостойкая', 5, 14, 14, 1, 251.00, 2, 22, NULL),

(28, 'EQ6RKO', 'Подшлемник', 'Подшлемник для каски одноразовый', 5, 16, 16, 1, 36.00, 17, 22, NULL),

(29, '81F1WG', 'Каска защитная', 'Каска защитная Delta Plus BASEBALL DIAMOND V UP (DIAM5UPBCFLBS) белая', 5, 17, 17, 1, 1500.00, 2, 13, NULL),

(30, '0YGHZ7', 'Очки защитные', 'Очки защитные Husqvarna Clear (5449638-01) открытые с прозрачными линзами', 5, 16, 16, 1, 700.00, 9, 36, NULL);



INSERT INTO pickup_points (id, address) VALUES

(1, '420151, г. Лесной, ул. Вишневая, 32'),

(2, '125061, г. Лесной, ул. Подгорная, 8'),

(3, '630370, г. Лесной, ул. Шоссейная, 24'),

(4, '400562, г. Лесной, ул. Зеленая, 32'),

(5, '614510, г. Лесной, ул. Маяковского, 47'),

(6, '410542, г. Лесной, ул. Светлая, 46'),

(7, '620839, г. Лесной, ул. Цветочная, 8'),

(8, '443890, г. Лесной, ул. Коммунистическая, 1'),

(9, '603379, г. Лесной, ул. Спортивная, 46'),

(10, '603721, г. Лесной, ул. Гоголя, 41'),

(11, '410172, г. Лесной, ул. Северная, 13'),

(12, '614611, г. Лесной, ул. Молодежная, 50'),

(13, '454311, г. Лесной, ул. Новая, 19'),

(14, '660007, г. Лесной, ул. Октябрьская, 19'),

(15, '603036, г. Лесной, ул. Садовая, 4'),

(16, '394060, г. Лесной, ул. Фрунзе, 43'),

(17, '410661, г. Лесной, ул. Школьная, 50'),

(18, '625590, г. Лесной, ул. Коммунистическая, 20'),

(19, '625683, г. Лесной, ул. 8 Марта'),

(20, '450983, г. Лесной, ул. Комсомольская, 26'),

(21, '394782, г. Лесной, ул. Чехова, 3'),

(22, '603002, г. Лесной, ул. Дзержинского, 28'),

(23, '450558, г. Лесной, ул. Набережная, 30'),

(24, '344288, г. Лесной, ул. Чехова, 1'),

(25, '614164, г. Лесной, ул. Степная, 30'),

(26, '394242, г. Лесной, ул. Коммунистическая, 43'),

(27, '660540, г. Лесной, ул. Солнечная, 25'),

(28, '125837, г. Лесной, ул. Шоссейная, 40'),

(29, '125703, г. Лесной, ул. Партизанская, 49'),

(30, '625283, г. Лесной, ул. Победы, 46'),

(31, '614753, г. Лесной, ул. Полевая, 35'),

(32, '426030, г. Лесной, ул. Маяковского, 44'),

(33, '450375, г. Лесной ул. Клубная, 44'),

(34, '625560, г. Лесной, ул. Некрасова, 12'),

(35, '630201, г. Лесной, ул. Комсомольская, 17'),

(36, '190949, г. Лесной, ул. Мичурина, 26');



INSERT INTO order_statuses (id, name) VALUES

(1, 'Завершен'),

(2, 'Новый');



INSERT INTO orders (id, order_date, delivery_date, pickup_point_id, user_id, receive_code, status_id) VALUES

(1, '2025-02-27', '2025-04-20', 1, 7, 901, 1),

(2, '2024-09-28', '2025-04-21', 11, 8, 902, 1),

(3, '2025-03-21', '2025-04-22', 2, 9, 903, 1),

(4, '2025-02-20', '2025-04-23', 11, 10, 904, 1),

(5, '2025-03-17', '2025-04-24', 2, 7, 905, 1),

(6, '2025-03-01', '2025-04-25', 15, 8, 906, 1),

(7, '2025-02-28', '2025-04-26', 3, 9, 907, 1),

(8, '2025-03-31', '2025-04-27', 19, 10, 908, 2),

(9, '2025-04-02', '2025-04-28', 5, 9, 909, 2),

(10, '2025-04-03', '2025-04-29', 19, 10, 910, 2);



INSERT INTO order_items (order_id, product_id, quantity) VALUES

(1, 1, 2),

(1, 2, 2),

(2, 3, 1),

(2, 4, 1),

(3, 5, 10),

(3, 6, 10),

(4, 7, 5),

(4, 8, 4),

(5, 9, 2),

(5, 10, 2),

(6, 11, 1),

(6, 12, 1),

(7, 13, 10),

(7, 14, 10),

(8, 15, 5),

(8, 16, 4),

(9, 17, 5),

(9, 18, 1),

(10, 19, 5),

(10, 20, 5);) at /home/vermilion/test-project/vendor/laravel/framework/src/Illuminate/Database/Connection.php:841)
[stacktrace]
#0 /home/vermilion/test-project/vendor/laravel/framework/src/Illuminate/Database/Connection.php(797): Illuminate\\Database\\Connection->runQueryCallback()
#1 /home/vermilion/test-project/vendor/laravel/framework/src/Illuminate/Database/Connection.php(630): Illuminate\\Database\\Connection->run()
#2 /home/vermilion/test-project/vendor/laravel/framework/src/Illuminate/Database/DatabaseManager.php(496): Illuminate\\Database\\Connection->unprepared()
#3 /home/vermilion/test-project/vendor/laravel/framework/src/Illuminate/Support/Facades/Facade.php(363): Illuminate\\Database\\DatabaseManager->__call()
#4 /home/vermilion/test-project/database/seeders/StroyMaterialsSeeder.php(12): Illuminate\\Support\\Facades\\Facade::__callStatic()
#5 /home/vermilion/test-project/vendor/laravel/framework/src/Illuminate/Container/BoundMethod.php(36): Database\\Seeders\\StroyMaterialsSeeder->run()
#6 /home/vermilion/test-project/vendor/laravel/framework/src/Illuminate/Container/Util.php(43): Illuminate\\Container\\BoundMethod::{closure:Illuminate\\Container\\BoundMethod::call():35}()
#7 /home/vermilion/test-project/vendor/laravel/framework/src/Illuminate/Container/BoundMethod.php(96): Illuminate\\Container\\Util::unwrapIfClosure()
#8 /home/vermilion/test-project/vendor/laravel/framework/src/Illuminate/Container/BoundMethod.php(35): Illuminate\\Container\\BoundMethod::callBoundMethod()
#9 /home/vermilion/test-project/vendor/laravel/framework/src/Illuminate/Container/Container.php(799): Illuminate\\Container\\BoundMethod::call()
#10 /home/vermilion/test-project/vendor/laravel/framework/src/Illuminate/Database/Seeder.php(184): Illuminate\\Container\\Container->call()
#11 /home/vermilion/test-project/vendor/laravel/framework/src/Illuminate/Database/Seeder.php(191): Illuminate\\Database\\Seeder->{closure:Illuminate\\Database\\Seeder::__invoke():183}()
#12 /home/vermilion/test-project/vendor/laravel/framework/src/Illuminate/Database/Seeder.php(59): Illuminate\\Database\\Seeder->__invoke()
#13 /home/vermilion/test-project/database/seeders/DatabaseSeeder.php(11): Illuminate\\Database\\Seeder->call()
#14 /home/vermilion/test-project/vendor/laravel/framework/src/Illuminate/Container/BoundMethod.php(36): Database\\Seeders\\DatabaseSeeder->run()
#15 /home/vermilion/test-project/vendor/laravel/framework/src/Illuminate/Container/Util.php(43): Illuminate\\Container\\BoundMethod::{closure:Illuminate\\Container\\BoundMethod::call():35}()
#16 /home/vermilion/test-project/vendor/laravel/framework/src/Illuminate/Container/BoundMethod.php(96): Illuminate\\Container\\Util::unwrapIfClosure()
#17 /home/vermilion/test-project/vendor/laravel/framework/src/Illuminate/Container/BoundMethod.php(35): Illuminate\\Container\\BoundMethod::callBoundMethod()
#18 /home/vermilion/test-project/vendor/laravel/framework/src/Illuminate/Container/Container.php(799): Illuminate\\Container\\BoundMethod::call()
#19 /home/vermilion/test-project/vendor/laravel/framework/src/Illuminate/Database/Seeder.php(184): Illuminate\\Container\\Container->call()
#20 /home/vermilion/test-project/vendor/laravel/framework/src/Illuminate/Database/Seeder.php(191): Illuminate\\Database\\Seeder->{closure:Illuminate\\Database\\Seeder::__invoke():183}()
#21 /home/vermilion/test-project/vendor/laravel/framework/src/Illuminate/Database/Console/Seeds/SeedCommand.php(71): Illuminate\\Database\\Seeder->__invoke()
#22 /home/vermilion/test-project/vendor/laravel/framework/src/Illuminate/Database/Eloquent/Concerns/GuardsAttributes.php(185): Illuminate\\Database\\Console\\Seeds\\SeedCommand->{closure:Illuminate\\Database\\Console\\Seeds\\SeedCommand::handle():70}()
#23 /home/vermilion/test-project/vendor/laravel/framework/src/Illuminate/Database/Console/Seeds/SeedCommand.php(70): Illuminate\\Database\\Eloquent\\Model::unguarded()
#24 /home/vermilion/test-project/vendor/laravel/framework/src/Illuminate/Container/BoundMethod.php(36): Illuminate\\Database\\Console\\Seeds\\SeedCommand->handle()
#25 /home/vermilion/test-project/vendor/laravel/framework/src/Illuminate/Container/Util.php(43): Illuminate\\Container\\BoundMethod::{closure:Illuminate\\Container\\BoundMethod::call():35}()
#26 /home/vermilion/test-project/vendor/laravel/framework/src/Illuminate/Container/BoundMethod.php(96): Illuminate\\Container\\Util::unwrapIfClosure()
#27 /home/vermilion/test-project/vendor/laravel/framework/src/Illuminate/Container/BoundMethod.php(35): Illuminate\\Container\\BoundMethod::callBoundMethod()
#28 /home/vermilion/test-project/vendor/laravel/framework/src/Illuminate/Container/Container.php(799): Illuminate\\Container\\BoundMethod::call()
#29 /home/vermilion/test-project/vendor/laravel/framework/src/Illuminate/Console/Command.php(280): Illuminate\\Container\\Container->call()
#30 /home/vermilion/test-project/vendor/symfony/console/Command/Command.php(341): Illuminate\\Console\\Command->execute()
#31 /home/vermilion/test-project/vendor/laravel/framework/src/Illuminate/Console/Command.php(249): Symfony\\Component\\Console\\Command\\Command->run()
#32 /home/vermilion/test-project/vendor/laravel/framework/src/Illuminate/Console/Concerns/CallsCommands.php(68): Illuminate\\Console\\Command->run()
#33 /home/vermilion/test-project/vendor/laravel/framework/src/Illuminate/Console/Concerns/CallsCommands.php(29): Illuminate\\Console\\Command->runCommand()
#34 /home/vermilion/test-project/vendor/laravel/framework/src/Illuminate/Database/Console/Migrations/MigrateCommand.php(127): Illuminate\\Console\\Command->call()
#35 /home/vermilion/test-project/vendor/laravel/framework/src/Illuminate/Database/Migrations/Migrator.php(671): Illuminate\\Database\\Console\\Migrations\\MigrateCommand->{closure:Illuminate\\Database\\Console\\Migrations\\MigrateCommand::runMigrations():111}()
#36 /home/vermilion/test-project/vendor/laravel/framework/src/Illuminate/Database/Console/Migrations/MigrateCommand.php(111): Illuminate\\Database\\Migrations\\Migrator->usingConnection()
#37 /home/vermilion/test-project/vendor/laravel/framework/src/Illuminate/Database/Console/Migrations/MigrateCommand.php(90): Illuminate\\Database\\Console\\Migrations\\MigrateCommand->runMigrations()
#38 /home/vermilion/test-project/vendor/laravel/framework/src/Illuminate/Container/BoundMethod.php(36): Illuminate\\Database\\Console\\Migrations\\MigrateCommand->handle()
#39 /home/vermilion/test-project/vendor/laravel/framework/src/Illuminate/Container/Util.php(43): Illuminate\\Container\\BoundMethod::{closure:Illuminate\\Container\\BoundMethod::call():35}()
#40 /home/vermilion/test-project/vendor/laravel/framework/src/Illuminate/Container/BoundMethod.php(96): Illuminate\\Container\\Util::unwrapIfClosure()
#41 /home/vermilion/test-project/vendor/laravel/framework/src/Illuminate/Container/BoundMethod.php(35): Illuminate\\Container\\BoundMethod::callBoundMethod()
#42 /home/vermilion/test-project/vendor/laravel/framework/src/Illuminate/Container/Container.php(799): Illuminate\\Container\\BoundMethod::call()
#43 /home/vermilion/test-project/vendor/laravel/framework/src/Illuminate/Console/Command.php(280): Illuminate\\Container\\Container->call()
#44 /home/vermilion/test-project/vendor/symfony/console/Command/Command.php(341): Illuminate\\Console\\Command->execute()
#45 /home/vermilion/test-project/vendor/laravel/framework/src/Illuminate/Console/Command.php(249): Symfony\\Component\\Console\\Command\\Command->run()
#46 /home/vermilion/test-project/vendor/symfony/console/Application.php(1117): Illuminate\\Console\\Command->run()
#47 /home/vermilion/test-project/vendor/symfony/console/Application.php(356): Symfony\\Component\\Console\\Application->doRunCommand()
#48 /home/vermilion/test-project/vendor/symfony/console/Application.php(195): Symfony\\Component\\Console\\Application->doRun()
#49 /home/vermilion/test-project/vendor/laravel/framework/src/Illuminate/Foundation/Console/Kernel.php(198): Symfony\\Component\\Console\\Application->run()
#50 /home/vermilion/test-project/vendor/laravel/framework/src/Illuminate/Foundation/Application.php(1235): Illuminate\\Foundation\\Console\\Kernel->handle()
#51 /home/vermilion/test-project/artisan(16): Illuminate\\Foundation\\Application->handleCommand()
#52 {main}

[previous exception] [object] (PDOException(code: 23000): SQLSTATE[23000]: Integrity constraint violation: 1062 Duplicate entry '1' for key 'roles.PRIMARY' at /home/vermilion/test-project/vendor/laravel/framework/src/Illuminate/Database/Connection.php:636)
[stacktrace]
#0 /home/vermilion/test-project/vendor/laravel/framework/src/Illuminate/Database/Connection.php(636): PDO->exec()
#1 /home/vermilion/test-project/vendor/laravel/framework/src/Illuminate/Database/Connection.php(830): Illuminate\\Database\\Connection->{closure:Illuminate\\Database\\Connection::unprepared():630}()
#2 /home/vermilion/test-project/vendor/laravel/framework/src/Illuminate/Database/Connection.php(797): Illuminate\\Database\\Connection->runQueryCallback()
#3 /home/vermilion/test-project/vendor/laravel/framework/src/Illuminate/Database/Connection.php(630): Illuminate\\Database\\Connection->run()
#4 /home/vermilion/test-project/vendor/laravel/framework/src/Illuminate/Database/DatabaseManager.php(496): Illuminate\\Database\\Connection->unprepared()
#5 /home/vermilion/test-project/vendor/laravel/framework/src/Illuminate/Support/Facades/Facade.php(363): Illuminate\\Database\\DatabaseManager->__call()
#6 /home/vermilion/test-project/database/seeders/StroyMaterialsSeeder.php(12): Illuminate\\Support\\Facades\\Facade::__callStatic()
#7 /home/vermilion/test-project/vendor/laravel/framework/src/Illuminate/Container/BoundMethod.php(36): Database\\Seeders\\StroyMaterialsSeeder->run()
#8 /home/vermilion/test-project/vendor/laravel/framework/src/Illuminate/Container/Util.php(43): Illuminate\\Container\\BoundMethod::{closure:Illuminate\\Container\\BoundMethod::call():35}()
#9 /home/vermilion/test-project/vendor/laravel/framework/src/Illuminate/Container/BoundMethod.php(96): Illuminate\\Container\\Util::unwrapIfClosure()
#10 /home/vermilion/test-project/vendor/laravel/framework/src/Illuminate/Container/BoundMethod.php(35): Illuminate\\Container\\BoundMethod::callBoundMethod()
#11 /home/vermilion/test-project/vendor/laravel/framework/src/Illuminate/Container/Container.php(799): Illuminate\\Container\\BoundMethod::call()
#12 /home/vermilion/test-project/vendor/laravel/framework/src/Illuminate/Database/Seeder.php(184): Illuminate\\Container\\Container->call()
#13 /home/vermilion/test-project/vendor/laravel/framework/src/Illuminate/Database/Seeder.php(191): Illuminate\\Database\\Seeder->{closure:Illuminate\\Database\\Seeder::__invoke():183}()
#14 /home/vermilion/test-project/vendor/laravel/framework/src/Illuminate/Database/Seeder.php(59): Illuminate\\Database\\Seeder->__invoke()
#15 /home/vermilion/test-project/database/seeders/DatabaseSeeder.php(11): Illuminate\\Database\\Seeder->call()
#16 /home/vermilion/test-project/vendor/laravel/framework/src/Illuminate/Container/BoundMethod.php(36): Database\\Seeders\\DatabaseSeeder->run()
#17 /home/vermilion/test-project/vendor/laravel/framework/src/Illuminate/Container/Util.php(43): Illuminate\\Container\\BoundMethod::{closure:Illuminate\\Container\\BoundMethod::call():35}()
#18 /home/vermilion/test-project/vendor/laravel/framework/src/Illuminate/Container/BoundMethod.php(96): Illuminate\\Container\\Util::unwrapIfClosure()
#19 /home/vermilion/test-project/vendor/laravel/framework/src/Illuminate/Container/BoundMethod.php(35): Illuminate\\Container\\BoundMethod::callBoundMethod()
#20 /home/vermilion/test-project/vendor/laravel/framework/src/Illuminate/Container/Container.php(799): Illuminate\\Container\\BoundMethod::call()
#21 /home/vermilion/test-project/vendor/laravel/framework/src/Illuminate/Database/Seeder.php(184): Illuminate\\Container\\Container->call()
#22 /home/vermilion/test-project/vendor/laravel/framework/src/Illuminate/Database/Seeder.php(191): Illuminate\\Database\\Seeder->{closure:Illuminate\\Database\\Seeder::__invoke():183}()
#23 /home/vermilion/test-project/vendor/laravel/framework/src/Illuminate/Database/Console/Seeds/SeedCommand.php(71): Illuminate\\Database\\Seeder->__invoke()
#24 /home/vermilion/test-project/vendor/laravel/framework/src/Illuminate/Database/Eloquent/Concerns/GuardsAttributes.php(185): Illuminate\\Database\\Console\\Seeds\\SeedCommand->{closure:Illuminate\\Database\\Console\\Seeds\\SeedCommand::handle():70}()
#25 /home/vermilion/test-project/vendor/laravel/framework/src/Illuminate/Database/Console/Seeds/SeedCommand.php(70): Illuminate\\Database\\Eloquent\\Model::unguarded()
#26 /home/vermilion/test-project/vendor/laravel/framework/src/Illuminate/Container/BoundMethod.php(36): Illuminate\\Database\\Console\\Seeds\\SeedCommand->handle()
#27 /home/vermilion/test-project/vendor/laravel/framework/src/Illuminate/Container/Util.php(43): Illuminate\\Container\\BoundMethod::{closure:Illuminate\\Container\\BoundMethod::call():35}()
#28 /home/vermilion/test-project/vendor/laravel/framework/src/Illuminate/Container/BoundMethod.php(96): Illuminate\\Container\\Util::unwrapIfClosure()
#29 /home/vermilion/test-project/vendor/laravel/framework/src/Illuminate/Container/BoundMethod.php(35): Illuminate\\Container\\BoundMethod::callBoundMethod()
#30 /home/vermilion/test-project/vendor/laravel/framework/src/Illuminate/Container/Container.php(799): Illuminate\\Container\\BoundMethod::call()
#31 /home/vermilion/test-project/vendor/laravel/framework/src/Illuminate/Console/Command.php(280): Illuminate\\Container\\Container->call()
#32 /home/vermilion/test-project/vendor/symfony/console/Command/Command.php(341): Illuminate\\Console\\Command->execute()
#33 /home/vermilion/test-project/vendor/laravel/framework/src/Illuminate/Console/Command.php(249): Symfony\\Component\\Console\\Command\\Command->run()
#34 /home/vermilion/test-project/vendor/laravel/framework/src/Illuminate/Console/Concerns/CallsCommands.php(68): Illuminate\\Console\\Command->run()
#35 /home/vermilion/test-project/vendor/laravel/framework/src/Illuminate/Console/Concerns/CallsCommands.php(29): Illuminate\\Console\\Command->runCommand()
#36 /home/vermilion/test-project/vendor/laravel/framework/src/Illuminate/Database/Console/Migrations/MigrateCommand.php(127): Illuminate\\Console\\Command->call()
#37 /home/vermilion/test-project/vendor/laravel/framework/src/Illuminate/Database/Migrations/Migrator.php(671): Illuminate\\Database\\Console\\Migrations\\MigrateCommand->{closure:Illuminate\\Database\\Console\\Migrations\\MigrateCommand::runMigrations():111}()
#38 /home/vermilion/test-project/vendor/laravel/framework/src/Illuminate/Database/Console/Migrations/MigrateCommand.php(111): Illuminate\\Database\\Migrations\\Migrator->usingConnection()
#39 /home/vermilion/test-project/vendor/laravel/framework/src/Illuminate/Database/Console/Migrations/MigrateCommand.php(90): Illuminate\\Database\\Console\\Migrations\\MigrateCommand->runMigrations()
#40 /home/vermilion/test-project/vendor/laravel/framework/src/Illuminate/Container/BoundMethod.php(36): Illuminate\\Database\\Console\\Migrations\\MigrateCommand->handle()
#41 /home/vermilion/test-project/vendor/laravel/framework/src/Illuminate/Container/Util.php(43): Illuminate\\Container\\BoundMethod::{closure:Illuminate\\Container\\BoundMethod::call():35}()
#42 /home/vermilion/test-project/vendor/laravel/framework/src/Illuminate/Container/BoundMethod.php(96): Illuminate\\Container\\Util::unwrapIfClosure()
#43 /home/vermilion/test-project/vendor/laravel/framework/src/Illuminate/Container/BoundMethod.php(35): Illuminate\\Container\\BoundMethod::callBoundMethod()
#44 /home/vermilion/test-project/vendor/laravel/framework/src/Illuminate/Container/Container.php(799): Illuminate\\Container\\BoundMethod::call()
#45 /home/vermilion/test-project/vendor/laravel/framework/src/Illuminate/Console/Command.php(280): Illuminate\\Container\\Container->call()
#46 /home/vermilion/test-project/vendor/symfony/console/Command/Command.php(341): Illuminate\\Console\\Command->execute()
#47 /home/vermilion/test-project/vendor/laravel/framework/src/Illuminate/Console/Command.php(249): Symfony\\Component\\Console\\Command\\Command->run()
#48 /home/vermilion/test-project/vendor/symfony/console/Application.php(1117): Illuminate\\Console\\Command->run()
#49 /home/vermilion/test-project/vendor/symfony/console/Application.php(356): Symfony\\Component\\Console\\Application->doRunCommand()
#50 /home/vermilion/test-project/vendor/symfony/console/Application.php(195): Symfony\\Component\\Console\\Application->doRun()
#51 /home/vermilion/test-project/vendor/laravel/framework/src/Illuminate/Foundation/Console/Kernel.php(198): Symfony\\Component\\Console\\Application->run()
#52 /home/vermilion/test-project/vendor/laravel/framework/src/Illuminate/Foundation/Application.php(1235): Illuminate\\Foundation\\Console\\Kernel->handle()
#53 /home/vermilion/test-project/artisan(16): Illuminate\\Foundation\\Application->handleCommand()
#54 {main}
"} 
[2026-06-05 16:07:46] local.ERROR: Please provide a valid cache path. {"exception":"[object] (InvalidArgumentException(code: 0): Please provide a valid cache path. at /home/vermilion/test-project/vendor/laravel/framework/src/Illuminate/View/Compilers/Compiler.php:75)
[stacktrace]
#0 /home/vermilion/test-project/vendor/laravel/framework/src/Illuminate/View/ViewServiceProvider.php(97): Illuminate\\View\\Compilers\\Compiler->__construct()
#1 /home/vermilion/test-project/vendor/laravel/framework/src/Illuminate/Container/Container.php(1118): Illuminate\\View\\ViewServiceProvider->{closure:Illuminate\\View\\ViewServiceProvider::registerBladeCompiler():96}()
#2 /home/vermilion/test-project/vendor/laravel/framework/src/Illuminate/Container/Container.php(936): Illuminate\\Container\\Container->build()
#3 /home/vermilion/test-project/vendor/laravel/framework/src/Illuminate/Foundation/Application.php(1078): Illuminate\\Container\\Container->resolve()
#4 /home/vermilion/test-project/vendor/laravel/framework/src/Illuminate/Container/Container.php(864): Illuminate\\Foundation\\Application->resolve()
#5 /home/vermilion/test-project/vendor/laravel/framework/src/Illuminate/Foundation/Application.php(1058): Illuminate\\Container\\Container->make()
#6 /home/vermilion/test-project/vendor/laravel/framework/src/Illuminate/View/ViewServiceProvider.php(169): Illuminate\\Foundation\\Application->make()
#7 [internal function]: Illuminate\\View\\ViewServiceProvider->{closure:Illuminate\\View\\ViewServiceProvider::registerBladeEngine():165}()
#8 /home/vermilion/test-project/vendor/laravel/framework/src/Illuminate/View/Engines/EngineResolver.php(55): call_user_func()
#9 /home/vermilion/test-project/vendor/laravel/framework/src/Illuminate/View/Factory.php(325): Illuminate\\View\\Engines\\EngineResolver->resolve()
#10 /home/vermilion/test-project/vendor/laravel/framework/src/Illuminate/View/Factory.php(287): Illuminate\\View\\Factory->getEngineFromPath()
#11 /home/vermilion/test-project/vendor/laravel/framework/src/Illuminate/View/Factory.php(159): Illuminate\\View\\Factory->viewInstance()
#12 /home/vermilion/test-project/vendor/laravel/framework/src/Illuminate/Foundation/helpers.php(1100): Illuminate\\View\\Factory->make()
#13 /home/vermilion/test-project/app/Http/Controllers/AuthController.php(17): view()
#14 /home/vermilion/test-project/vendor/laravel/framework/src/Illuminate/Routing/ControllerDispatcher.php(46): App\\Http\\Controllers\\AuthController->showLogin()
#15 /home/vermilion/test-project/vendor/laravel/framework/src/Illuminate/Routing/Route.php(269): Illuminate\\Routing\\ControllerDispatcher->dispatch()
#16 /home/vermilion/test-project/vendor/laravel/framework/src/Illuminate/Routing/Route.php(215): Illuminate\\Routing\\Route->runController()
#17 /home/vermilion/test-project/vendor/laravel/framework/src/Illuminate/Routing/Router.php(822): Illuminate\\Routing\\Route->run()
#18 /home/vermilion/test-project/vendor/laravel/framework/src/Illuminate/Pipeline/Pipeline.php(180): Illuminate\\Routing\\Router->{closure:Illuminate\\Routing\\Router::runRouteWithinStack():821}()
#19 /home/vermilion/test-project/vendor/laravel/framework/src/Illuminate/Routing/Middleware/SubstituteBindings.php(52): Illuminate\\Pipeline\\Pipeline->{closure:Illuminate\\Pipeline\\Pipeline::prepareDestination():178}()
#20 /home/vermilion/test-project/vendor/laravel/framework/src/Illuminate/Pipeline/Pipeline.php(219): Illuminate\\Routing\\Middleware\\SubstituteBindings->handle()
#21 /home/vermilion/test-project/vendor/laravel/framework/src/Illuminate/Foundation/Http/Middleware/PreventRequestForgery.php(104): Illuminate\\Pipeline\\Pipeline->{closure:{closure:Illuminate\\Pipeline\\Pipeline::carry():194}:195}()
#22 /home/vermilion/test-project/vendor/laravel/framework/src/Illuminate/Pipeline/Pipeline.php(219): Illuminate\\Foundation\\Http\\Middleware\\PreventRequestForgery->handle()
#23 /home/vermilion/test-project/vendor/laravel/framework/src/Illuminate/View/Middleware/ShareErrorsFromSession.php(48): Illuminate\\Pipeline\\Pipeline->{closure:{closure:Illuminate\\Pipeline\\Pipeline::carry():194}:195}()
#24 /home/vermilion/test-project/vendor/laravel/framework/src/Illuminate/Pipeline/Pipeline.php(219): Illuminate\\View\\Middleware\\ShareErrorsFromSession->handle()
#25 /home/vermilion/test-project/vendor/laravel/framework/src/Illuminate/Session/Middleware/StartSession.php(120): Illuminate\\Pipeline\\Pipeline->{closure:{closure:Illuminate\\Pipeline\\Pipeline::carry():194}:195}()
#26 /home/vermilion/test-project/vendor/laravel/framework/src/Illuminate/Session/Middleware/StartSession.php(63): Illuminate\\Session\\Middleware\\StartSession->handleStatefulRequest()
#27 /home/vermilion/test-project/vendor/laravel/framework/src/Illuminate/Pipeline/Pipeline.php(219): Illuminate\\Session\\Middleware\\StartSession->handle()
#28 /home/vermilion/test-project/vendor/laravel/framework/src/Illuminate/Cookie/Middleware/AddQueuedCookiesToResponse.php(36): Illuminate\\Pipeline\\Pipeline->{closure:{closure:Illuminate\\Pipeline\\Pipeline::carry():194}:195}()
#29 /home/vermilion/test-project/vendor/laravel/framework/src/Illuminate/Pipeline/Pipeline.php(219): Illuminate\\Cookie\\Middleware\\AddQueuedCookiesToResponse->handle()
#30 /home/vermilion/test-project/vendor/laravel/framework/src/Illuminate/Cookie/Middleware/EncryptCookies.php(74): Illuminate\\Pipeline\\Pipeline->{closure:{closure:Illuminate\\Pipeline\\Pipeline::carry():194}:195}()
#31 /home/vermilion/test-project/vendor/laravel/framework/src/Illuminate/Pipeline/Pipeline.php(219): Illuminate\\Cookie\\Middleware\\EncryptCookies->handle()
#32 /home/vermilion/test-project/vendor/laravel/framework/src/Illuminate/Pipeline/Pipeline.php(137): Illuminate\\Pipeline\\Pipeline->{closure:{closure:Illuminate\\Pipeline\\Pipeline::carry():194}:195}()
#33 /home/vermilion/test-project/vendor/laravel/framework/src/Illuminate/Routing/Router.php(821): Illuminate\\Pipeline\\Pipeline->then()
#34 /home/vermilion/test-project/vendor/laravel/framework/src/Illuminate/Routing/Router.php(800): Illuminate\\Routing\\Router->runRouteWithinStack()
#35 /home/vermilion/test-project/vendor/laravel/framework/src/Illuminate/Routing/Router.php(764): Illuminate\\Routing\\Router->runRoute()
#36 /home/vermilion/test-project/vendor/laravel/framework/src/Illuminate/Routing/Router.php(753): Illuminate\\Routing\\Router->dispatchToRoute()
#37 /home/vermilion/test-project/vendor/laravel/framework/src/Illuminate/Foundation/Http/Kernel.php(200): Illuminate\\Routing\\Router->dispatch()
#38 /home/vermilion/test-project/vendor/laravel/framework/src/Illuminate/Pipeline/Pipeline.php(180): Illuminate\\Foundation\\Http\\Kernel->{closure:Illuminate\\Foundation\\Http\\Kernel::dispatchToRouter():197}()
#39 /home/vermilion/test-project/vendor/laravel/framework/src/Illuminate/Foundation/Http/Middleware/TransformsRequest.php(21): Illuminate\\Pipeline\\Pipeline->{closure:Illuminate\\Pipeline\\Pipeline::prepareDestination():178}()
#40 /home/vermilion/test-project/vendor/laravel/framework/src/Illuminate/Foundation/Http/Middleware/ConvertEmptyStringsToNull.php(31): Illuminate\\Foundation\\Http\\Middleware\\TransformsRequest->handle()
#41 /home/vermilion/test-project/vendor/laravel/framework/src/Illuminate/Pipeline/Pipeline.php(219): Illuminate\\Foundation\\Http\\Middleware\\ConvertEmptyStringsToNull->handle()
#42 /home/vermilion/test-project/vendor/laravel/framework/src/Illuminate/Foundation/Http/Middleware/TransformsRequest.php(21): Illuminate\\Pipeline\\Pipeline->{closure:{closure:Illuminate\\Pipeline\\Pipeline::carry():194}:195}()
#43 /home/vermilion/test-project/vendor/laravel/framework/src/Illuminate/Foundation/Http/Middleware/TrimStrings.php(51): Illuminate\\Foundation\\Http\\Middleware\\TransformsRequest->handle()
#44 /home/vermilion/test-project/vendor/laravel/framework/src/Illuminate/Pipeline/Pipeline.php(219): Illuminate\\Foundation\\Http\\Middleware\\TrimStrings->handle()
#45 /home/vermilion/test-project/vendor/laravel/framework/src/Illuminate/Http/Middleware/ValidatePostSize.php(27): Illuminate\\Pipeline\\Pipeline->{closure:{closure:Illuminate\\Pipeline\\Pipeline::carry():194}:195}()
#46 /home/vermilion/test-project/vendor/laravel/framework/src/Illuminate/Pipeline/Pipeline.php(219): Illuminate\\Http\\Middleware\\ValidatePostSize->handle()
#47 /home/vermilion/test-project/vendor/laravel/framework/src/Illuminate/Foundation/Http/Middleware/PreventRequestsDuringMaintenance.php(109): Illuminate\\Pipeline\\Pipeline->{closure:{closure:Illuminate\\Pipeline\\Pipeline::carry():194}:195}()
#48 /home/vermilion/test-project/vendor/laravel/framework/src/Illuminate/Pipeline/Pipeline.php(219): Illuminate\\Foundation\\Http\\Middleware\\PreventRequestsDuringMaintenance->handle()
#49 /home/vermilion/test-project/vendor/laravel/framework/src/Illuminate/Http/Middleware/HandleCors.php(61): Illuminate\\Pipeline\\Pipeline->{closure:{closure:Illuminate\\Pipeline\\Pipeline::carry():194}:195}()
#50 /home/vermilion/test-project/vendor/laravel/framework/src/Illuminate/Pipeline/Pipeline.php(219): Illuminate\\Http\\Middleware\\HandleCors->handle()
#51 /home/vermilion/test-project/vendor/laravel/framework/src/Illuminate/Http/Middleware/TrustProxies.php(58): Illuminate\\Pipeline\\Pipeline->{closure:{closure:Illuminate\\Pipeline\\Pipeline::carry():194}:195}()
#52 /home/vermilion/test-project/vendor/laravel/framework/src/Illuminate/Pipeline/Pipeline.php(219): Illuminate\\Http\\Middleware\\TrustProxies->handle()
#53 /home/vermilion/test-project/vendor/laravel/framework/src/Illuminate/Foundation/Http/Middleware/InvokeDeferredCallbacks.php(22): Illuminate\\Pipeline\\Pipeline->{closure:{closure:Illuminate\\Pipeline\\Pipeline::carry():194}:195}()
#54 /home/vermilion/test-project/vendor/laravel/framework/src/Illuminate/Pipeline/Pipeline.php(219): Illuminate\\Foundation\\Http\\Middleware\\InvokeDeferredCallbacks->handle()
#55 /home/vermilion/test-project/vendor/laravel/framework/src/Illuminate/Http/Middleware/ValidatePathEncoding.php(28): Illuminate\\Pipeline\\Pipeline->{closure:{closure:Illuminate\\Pipeline\\Pipeline::carry():194}:195}()
#56 /home/vermilion/test-project/vendor/laravel/framework/src/Illuminate/Pipeline/Pipeline.php(219): Illuminate\\Http\\Middleware\\ValidatePathEncoding->handle()
#57 /home/vermilion/test-project/vendor/laravel/framework/src/Illuminate/Pipeline/Pipeline.php(137): Illuminate\\Pipeline\\Pipeline->{closure:{closure:Illuminate\\Pipeline\\Pipeline::carry():194}:195}()
#58 /home/vermilion/test-project/vendor/laravel/framework/src/Illuminate/Foundation/Http/Kernel.php(175): Illuminate\\Pipeline\\Pipeline->then()
#59 /home/vermilion/test-project/vendor/laravel/framework/src/Illuminate/Foundation/Http/Kernel.php(144): Illuminate\\Foundation\\Http\\Kernel->sendRequestThroughRouter()
#60 /home/vermilion/test-project/vendor/laravel/framework/src/Illuminate/Foundation/Application.php(1220): Illuminate\\Foundation\\Http\\Kernel->handle()
#61 /home/vermilion/test-project/public/index.php(20): Illuminate\\Foundation\\Application->handleRequest()
#62 /home/vermilion/test-project/vendor/laravel/framework/src/Illuminate/Foundation/resources/server.php(23): require_once('...')
#63 {main}
"} 
[2026-06-05 16:07:46] local.ERROR: file_put_contents(/home/vermilion/test-project/storage/framework/sessions/Vk88bhFTXFjqenLvLrgiirIzd3njorADoz0HZZ1v): Failed to open stream: No such file or directory {"exception":"[object] (ErrorException(code: 0): file_put_contents(/home/vermilion/test-project/storage/framework/sessions/Vk88bhFTXFjqenLvLrgiirIzd3njorADoz0HZZ1v): Failed to open stream: No such file or directory at /home/vermilion/test-project/vendor/laravel/framework/src/Illuminate/Filesystem/Filesystem.php:204)
[stacktrace]
#0 /home/vermilion/test-project/vendor/laravel/framework/src/Illuminate/Foundation/Bootstrap/HandleExceptions.php(258): Illuminate\\Foundation\\Bootstrap\\HandleExceptions->handleError()
#1 [internal function]: Illuminate\\Foundation\\Bootstrap\\HandleExceptions->{closure:Illuminate\\Foundation\\Bootstrap\\HandleExceptions::forwardsTo():257}()
#2 /home/vermilion/test-project/vendor/laravel/framework/src/Illuminate/Filesystem/Filesystem.php(204): file_put_contents()
#3 /home/vermilion/test-project/vendor/laravel/framework/src/Illuminate/Session/FileSessionHandler.php(89): Illuminate\\Filesystem\\Filesystem->put()
#4 /home/vermilion/test-project/vendor/laravel/framework/src/Illuminate/Session/Store.php(187): Illuminate\\Session\\FileSessionHandler->write()
#5 /home/vermilion/test-project/vendor/laravel/framework/src/Illuminate/Session/Middleware/StartSession.php(248): Illuminate\\Session\\Store->save()
#6 /home/vermilion/test-project/vendor/laravel/framework/src/Illuminate/Session/Middleware/StartSession.php(129): Illuminate\\Session\\Middleware\\StartSession->saveSession()
#7 /home/vermilion/test-project/vendor/laravel/framework/src/Illuminate/Session/Middleware/StartSession.php(63): Illuminate\\Session\\Middleware\\StartSession->handleStatefulRequest()
#8 /home/vermilion/test-project/vendor/laravel/framework/src/Illuminate/Pipeline/Pipeline.php(219): Illuminate\\Session\\Middleware\\StartSession->handle()
#9 /home/vermilion/test-project/vendor/laravel/framework/src/Illuminate/Cookie/Middleware/AddQueuedCookiesToResponse.php(36): Illuminate\\Pipeline\\Pipeline->{closure:{closure:Illuminate\\Pipeline\\Pipeline::carry():194}:195}()
#10 /home/vermilion/test-project/vendor/laravel/framework/src/Illuminate/Pipeline/Pipeline.php(219): Illuminate\\Cookie\\Middleware\\AddQueuedCookiesToResponse->handle()
#11 /home/vermilion/test-project/vendor/laravel/framework/src/Illuminate/Cookie/Middleware/EncryptCookies.php(74): Illuminate\\Pipeline\\Pipeline->{closure:{closure:Illuminate\\Pipeline\\Pipeline::carry():194}:195}()
#12 /home/vermilion/test-project/vendor/laravel/framework/src/Illuminate/Pipeline/Pipeline.php(219): Illuminate\\Cookie\\Middleware\\EncryptCookies->handle()
#13 /home/vermilion/test-project/vendor/laravel/framework/src/Illuminate/Pipeline/Pipeline.php(137): Illuminate\\Pipeline\\Pipeline->{closure:{closure:Illuminate\\Pipeline\\Pipeline::carry():194}:195}()
#14 /home/vermilion/test-project/vendor/laravel/framework/src/Illuminate/Routing/Router.php(821): Illuminate\\Pipeline\\Pipeline->then()
#15 /home/vermilion/test-project/vendor/laravel/framework/src/Illuminate/Routing/Router.php(800): Illuminate\\Routing\\Router->runRouteWithinStack()
#16 /home/vermilion/test-project/vendor/laravel/framework/src/Illuminate/Routing/Router.php(764): Illuminate\\Routing\\Router->runRoute()
#17 /home/vermilion/test-project/vendor/laravel/framework/src/Illuminate/Routing/Router.php(753): Illuminate\\Routing\\Router->dispatchToRoute()
#18 /home/vermilion/test-project/vendor/laravel/framework/src/Illuminate/Foundation/Http/Kernel.php(200): Illuminate\\Routing\\Router->dispatch()
#19 /home/vermilion/test-project/vendor/laravel/framework/src/Illuminate/Pipeline/Pipeline.php(180): Illuminate\\Foundation\\Http\\Kernel->{closure:Illuminate\\Foundation\\Http\\Kernel::dispatchToRouter():197}()
#20 /home/vermilion/test-project/vendor/laravel/framework/src/Illuminate/Foundation/Http/Middleware/TransformsRequest.php(21): Illuminate\\Pipeline\\Pipeline->{closure:Illuminate\\Pipeline\\Pipeline::prepareDestination():178}()
#21 /home/vermilion/test-project/vendor/laravel/framework/src/Illuminate/Foundation/Http/Middleware/ConvertEmptyStringsToNull.php(31): Illuminate\\Foundation\\Http\\Middleware\\TransformsRequest->handle()
#22 /home/vermilion/test-project/vendor/laravel/framework/src/Illuminate/Pipeline/Pipeline.php(219): Illuminate\\Foundation\\Http\\Middleware\\ConvertEmptyStringsToNull->handle()
#23 /home/vermilion/test-project/vendor/laravel/framework/src/Illuminate/Foundation/Http/Middleware/TransformsRequest.php(21): Illuminate\\Pipeline\\Pipeline->{closure:{closure:Illuminate\\Pipeline\\Pipeline::carry():194}:195}()
#24 /home/vermilion/test-project/vendor/laravel/framework/src/Illuminate/Foundation/Http/Middleware/TrimStrings.php(51): Illuminate\\Foundation\\Http\\Middleware\\TransformsRequest->handle()
#25 /home/vermilion/test-project/vendor/laravel/framework/src/Illuminate/Pipeline/Pipeline.php(219): Illuminate\\Foundation\\Http\\Middleware\\TrimStrings->handle()
#26 /home/vermilion/test-project/vendor/laravel/framework/src/Illuminate/Http/Middleware/ValidatePostSize.php(27): Illuminate\\Pipeline\\Pipeline->{closure:{closure:Illuminate\\Pipeline\\Pipeline::carry():194}:195}()
#27 /home/vermilion/test-project/vendor/laravel/framework/src/Illuminate/Pipeline/Pipeline.php(219): Illuminate\\Http\\Middleware\\ValidatePostSize->handle()
#28 /home/vermilion/test-project/vendor/laravel/framework/src/Illuminate/Foundation/Http/Middleware/PreventRequestsDuringMaintenance.php(109): Illuminate\\Pipeline\\Pipeline->{closure:{closure:Illuminate\\Pipeline\\Pipeline::carry():194}:195}()
#29 /home/vermilion/test-project/vendor/laravel/framework/src/Illuminate/Pipeline/Pipeline.php(219): Illuminate\\Foundation\\Http\\Middleware\\PreventRequestsDuringMaintenance->handle()
#30 /home/vermilion/test-project/vendor/laravel/framework/src/Illuminate/Http/Middleware/HandleCors.php(61): Illuminate\\Pipeline\\Pipeline->{closure:{closure:Illuminate\\Pipeline\\Pipeline::carry():194}:195}()
#31 /home/vermilion/test-project/vendor/laravel/framework/src/Illuminate/Pipeline/Pipeline.php(219): Illuminate\\Http\\Middleware\\HandleCors->handle()
#32 /home/vermilion/test-project/vendor/laravel/framework/src/Illuminate/Http/Middleware/TrustProxies.php(58): Illuminate\\Pipeline\\Pipeline->{closure:{closure:Illuminate\\Pipeline\\Pipeline::carry():194}:195}()
#33 /home/vermilion/test-project/vendor/laravel/framework/src/Illuminate/Pipeline/Pipeline.php(219): Illuminate\\Http\\Middleware\\TrustProxies->handle()
#34 /home/vermilion/test-project/vendor/laravel/framework/src/Illuminate/Foundation/Http/Middleware/InvokeDeferredCallbacks.php(22): Illuminate\\Pipeline\\Pipeline->{closure:{closure:Illuminate\\Pipeline\\Pipeline::carry():194}:195}()
#35 /home/vermilion/test-project/vendor/laravel/framework/src/Illuminate/Pipeline/Pipeline.php(219): Illuminate\\Foundation\\Http\\Middleware\\InvokeDeferredCallbacks->handle()
#36 /home/vermilion/test-project/vendor/laravel/framework/src/Illuminate/Http/Middleware/ValidatePathEncoding.php(28): Illuminate\\Pipeline\\Pipeline->{closure:{closure:Illuminate\\Pipeline\\Pipeline::carry():194}:195}()
#37 /home/vermilion/test-project/vendor/laravel/framework/src/Illuminate/Pipeline/Pipeline.php(219): Illuminate\\Http\\Middleware\\ValidatePathEncoding->handle()
#38 /home/vermilion/test-project/vendor/laravel/framework/src/Illuminate/Pipeline/Pipeline.php(137): Illuminate\\Pipeline\\Pipeline->{closure:{closure:Illuminate\\Pipeline\\Pipeline::carry():194}:195}()
#39 /home/vermilion/test-project/vendor/laravel/framework/src/Illuminate/Foundation/Http/Kernel.php(175): Illuminate\\Pipeline\\Pipeline->then()
#40 /home/vermilion/test-project/vendor/laravel/framework/src/Illuminate/Foundation/Http/Kernel.php(144): Illuminate\\Foundation\\Http\\Kernel->sendRequestThroughRouter()
#41 /home/vermilion/test-project/vendor/laravel/framework/src/Illuminate/Foundation/Application.php(1220): Illuminate\\Foundation\\Http\\Kernel->handle()
#42 /home/vermilion/test-project/public/index.php(20): Illuminate\\Foundation\\Application->handleRequest()
#43 /home/vermilion/test-project/vendor/laravel/framework/src/Illuminate/Foundation/resources/server.php(23): require_once('...')
#44 {main}
"} 
[2026-06-05 16:13:16] local.ERROR: Please provide a valid cache path. {"exception":"[object] (InvalidArgumentException(code: 0): Please provide a valid cache path. at /home/vermilion/test-project/vendor/laravel/framework/src/Illuminate/View/Compilers/Compiler.php:75)
[stacktrace]
#0 /home/vermilion/test-project/vendor/laravel/framework/src/Illuminate/View/ViewServiceProvider.php(97): Illuminate\\View\\Compilers\\Compiler->__construct()
#1 /home/vermilion/test-project/vendor/laravel/framework/src/Illuminate/Container/Container.php(1118): Illuminate\\View\\ViewServiceProvider->{closure:Illuminate\\View\\ViewServiceProvider::registerBladeCompiler():96}()
#2 /home/vermilion/test-project/vendor/laravel/framework/src/Illuminate/Container/Container.php(936): Illuminate\\Container\\Container->build()
#3 /home/vermilion/test-project/vendor/laravel/framework/src/Illuminate/Foundation/Application.php(1078): Illuminate\\Container\\Container->resolve()
#4 /home/vermilion/test-project/vendor/laravel/framework/src/Illuminate/Container/Container.php(864): Illuminate\\Foundation\\Application->resolve()
#5 /home/vermilion/test-project/vendor/laravel/framework/src/Illuminate/Foundation/Application.php(1058): Illuminate\\Container\\Container->make()
#6 /home/vermilion/test-project/vendor/laravel/framework/src/Illuminate/View/ViewServiceProvider.php(169): Illuminate\\Foundation\\Application->make()
#7 [internal function]: Illuminate\\View\\ViewServiceProvider->{closure:Illuminate\\View\\ViewServiceProvider::registerBladeEngine():165}()
#8 /home/vermilion/test-project/vendor/laravel/framework/src/Illuminate/View/Engines/EngineResolver.php(55): call_user_func()
#9 /home/vermilion/test-project/vendor/laravel/framework/src/Illuminate/View/Factory.php(325): Illuminate\\View\\Engines\\EngineResolver->resolve()
#10 /home/vermilion/test-project/vendor/laravel/framework/src/Illuminate/View/Factory.php(287): Illuminate\\View\\Factory->getEngineFromPath()
#11 /home/vermilion/test-project/vendor/laravel/framework/src/Illuminate/View/Factory.php(159): Illuminate\\View\\Factory->viewInstance()
#12 /home/vermilion/test-project/vendor/laravel/framework/src/Illuminate/Foundation/helpers.php(1100): Illuminate\\View\\Factory->make()
#13 /home/vermilion/test-project/app/Http/Controllers/AuthController.php(17): view()
#14 /home/vermilion/test-project/vendor/laravel/framework/src/Illuminate/Routing/ControllerDispatcher.php(46): App\\Http\\Controllers\\AuthController->showLogin()
#15 /home/vermilion/test-project/vendor/laravel/framework/src/Illuminate/Routing/Route.php(269): Illuminate\\Routing\\ControllerDispatcher->dispatch()
#16 /home/vermilion/test-project/vendor/laravel/framework/src/Illuminate/Routing/Route.php(215): Illuminate\\Routing\\Route->runController()
#17 /home/vermilion/test-project/vendor/laravel/framework/src/Illuminate/Routing/Router.php(822): Illuminate\\Routing\\Route->run()
#18 /home/vermilion/test-project/vendor/laravel/framework/src/Illuminate/Pipeline/Pipeline.php(180): Illuminate\\Routing\\Router->{closure:Illuminate\\Routing\\Router::runRouteWithinStack():821}()
#19 /home/vermilion/test-project/vendor/laravel/framework/src/Illuminate/Routing/Middleware/SubstituteBindings.php(52): Illuminate\\Pipeline\\Pipeline->{closure:Illuminate\\Pipeline\\Pipeline::prepareDestination():178}()
#20 /home/vermilion/test-project/vendor/laravel/framework/src/Illuminate/Pipeline/Pipeline.php(219): Illuminate\\Routing\\Middleware\\SubstituteBindings->handle()
#21 /home/vermilion/test-project/vendor/laravel/framework/src/Illuminate/Foundation/Http/Middleware/PreventRequestForgery.php(104): Illuminate\\Pipeline\\Pipeline->{closure:{closure:Illuminate\\Pipeline\\Pipeline::carry():194}:195}()
#22 /home/vermilion/test-project/vendor/laravel/framework/src/Illuminate/Pipeline/Pipeline.php(219): Illuminate\\Foundation\\Http\\Middleware\\PreventRequestForgery->handle()
#23 /home/vermilion/test-project/vendor/laravel/framework/src/Illuminate/View/Middleware/ShareErrorsFromSession.php(48): Illuminate\\Pipeline\\Pipeline->{closure:{closure:Illuminate\\Pipeline\\Pipeline::carry():194}:195}()
#24 /home/vermilion/test-project/vendor/laravel/framework/src/Illuminate/Pipeline/Pipeline.php(219): Illuminate\\View\\Middleware\\ShareErrorsFromSession->handle()
#25 /home/vermilion/test-project/vendor/laravel/framework/src/Illuminate/Session/Middleware/StartSession.php(120): Illuminate\\Pipeline\\Pipeline->{closure:{closure:Illuminate\\Pipeline\\Pipeline::carry():194}:195}()
#26 /home/vermilion/test-project/vendor/laravel/framework/src/Illuminate/Session/Middleware/StartSession.php(63): Illuminate\\Session\\Middleware\\StartSession->handleStatefulRequest()
#27 /home/vermilion/test-project/vendor/laravel/framework/src/Illuminate/Pipeline/Pipeline.php(219): Illuminate\\Session\\Middleware\\StartSession->handle()
#28 /home/vermilion/test-project/vendor/laravel/framework/src/Illuminate/Cookie/Middleware/AddQueuedCookiesToResponse.php(36): Illuminate\\Pipeline\\Pipeline->{closure:{closure:Illuminate\\Pipeline\\Pipeline::carry():194}:195}()
#29 /home/vermilion/test-project/vendor/laravel/framework/src/Illuminate/Pipeline/Pipeline.php(219): Illuminate\\Cookie\\Middleware\\AddQueuedCookiesToResponse->handle()
#30 /home/vermilion/test-project/vendor/laravel/framework/src/Illuminate/Cookie/Middleware/EncryptCookies.php(74): Illuminate\\Pipeline\\Pipeline->{closure:{closure:Illuminate\\Pipeline\\Pipeline::carry():194}:195}()
#31 /home/vermilion/test-project/vendor/laravel/framework/src/Illuminate/Pipeline/Pipeline.php(219): Illuminate\\Cookie\\Middleware\\EncryptCookies->handle()
#32 /home/vermilion/test-project/vendor/laravel/framework/src/Illuminate/Pipeline/Pipeline.php(137): Illuminate\\Pipeline\\Pipeline->{closure:{closure:Illuminate\\Pipeline\\Pipeline::carry():194}:195}()
#33 /home/vermilion/test-project/vendor/laravel/framework/src/Illuminate/Routing/Router.php(821): Illuminate\\Pipeline\\Pipeline->then()
#34 /home/vermilion/test-project/vendor/laravel/framework/src/Illuminate/Routing/Router.php(800): Illuminate\\Routing\\Router->runRouteWithinStack()
#35 /home/vermilion/test-project/vendor/laravel/framework/src/Illuminate/Routing/Router.php(764): Illuminate\\Routing\\Router->runRoute()
#36 /home/vermilion/test-project/vendor/laravel/framework/src/Illuminate/Routing/Router.php(753): Illuminate\\Routing\\Router->dispatchToRoute()
#37 /home/vermilion/test-project/vendor/laravel/framework/src/Illuminate/Foundation/Http/Kernel.php(200): Illuminate\\Routing\\Router->dispatch()
#38 /home/vermilion/test-project/vendor/laravel/framework/src/Illuminate/Pipeline/Pipeline.php(180): Illuminate\\Foundation\\Http\\Kernel->{closure:Illuminate\\Foundation\\Http\\Kernel::dispatchToRouter():197}()
#39 /home/vermilion/test-project/vendor/laravel/framework/src/Illuminate/Foundation/Http/Middleware/TransformsRequest.php(21): Illuminate\\Pipeline\\Pipeline->{closure:Illuminate\\Pipeline\\Pipeline::prepareDestination():178}()
#40 /home/vermilion/test-project/vendor/laravel/framework/src/Illuminate/Foundation/Http/Middleware/ConvertEmptyStringsToNull.php(31): Illuminate\\Foundation\\Http\\Middleware\\TransformsRequest->handle()
#41 /home/vermilion/test-project/vendor/laravel/framework/src/Illuminate/Pipeline/Pipeline.php(219): Illuminate\\Foundation\\Http\\Middleware\\ConvertEmptyStringsToNull->handle()
#42 /home/vermilion/test-project/vendor/laravel/framework/src/Illuminate/Foundation/Http/Middleware/TransformsRequest.php(21): Illuminate\\Pipeline\\Pipeline->{closure:{closure:Illuminate\\Pipeline\\Pipeline::carry():194}:195}()
#43 /home/vermilion/test-project/vendor/laravel/framework/src/Illuminate/Foundation/Http/Middleware/TrimStrings.php(51): Illuminate\\Foundation\\Http\\Middleware\\TransformsRequest->handle()
#44 /home/vermilion/test-project/vendor/laravel/framework/src/Illuminate/Pipeline/Pipeline.php(219): Illuminate\\Foundation\\Http\\Middleware\\TrimStrings->handle()
#45 /home/vermilion/test-project/vendor/laravel/framework/src/Illuminate/Http/Middleware/ValidatePostSize.php(27): Illuminate\\Pipeline\\Pipeline->{closure:{closure:Illuminate\\Pipeline\\Pipeline::carry():194}:195}()
#46 /home/vermilion/test-project/vendor/laravel/framework/src/Illuminate/Pipeline/Pipeline.php(219): Illuminate\\Http\\Middleware\\ValidatePostSize->handle()
#47 /home/vermilion/test-project/vendor/laravel/framework/src/Illuminate/Foundation/Http/Middleware/PreventRequestsDuringMaintenance.php(109): Illuminate\\Pipeline\\Pipeline->{closure:{closure:Illuminate\\Pipeline\\Pipeline::carry():194}:195}()
#48 /home/vermilion/test-project/vendor/laravel/framework/src/Illuminate/Pipeline/Pipeline.php(219): Illuminate\\Foundation\\Http\\Middleware\\PreventRequestsDuringMaintenance->handle()
#49 /home/vermilion/test-project/vendor/laravel/framework/src/Illuminate/Http/Middleware/HandleCors.php(61): Illuminate\\Pipeline\\Pipeline->{closure:{closure:Illuminate\\Pipeline\\Pipeline::carry():194}:195}()
#50 /home/vermilion/test-project/vendor/laravel/framework/src/Illuminate/Pipeline/Pipeline.php(219): Illuminate\\Http\\Middleware\\HandleCors->handle()
#51 /home/vermilion/test-project/vendor/laravel/framework/src/Illuminate/Http/Middleware/TrustProxies.php(58): Illuminate\\Pipeline\\Pipeline->{closure:{closure:Illuminate\\Pipeline\\Pipeline::carry():194}:195}()
#52 /home/vermilion/test-project/vendor/laravel/framework/src/Illuminate/Pipeline/Pipeline.php(219): Illuminate\\Http\\Middleware\\TrustProxies->handle()
#53 /home/vermilion/test-project/vendor/laravel/framework/src/Illuminate/Foundation/Http/Middleware/InvokeDeferredCallbacks.php(22): Illuminate\\Pipeline\\Pipeline->{closure:{closure:Illuminate\\Pipeline\\Pipeline::carry():194}:195}()
#54 /home/vermilion/test-project/vendor/laravel/framework/src/Illuminate/Pipeline/Pipeline.php(219): Illuminate\\Foundation\\Http\\Middleware\\InvokeDeferredCallbacks->handle()
#55 /home/vermilion/test-project/vendor/laravel/framework/src/Illuminate/Http/Middleware/ValidatePathEncoding.php(28): Illuminate\\Pipeline\\Pipeline->{closure:{closure:Illuminate\\Pipeline\\Pipeline::carry():194}:195}()
#56 /home/vermilion/test-project/vendor/laravel/framework/src/Illuminate/Pipeline/Pipeline.php(219): Illuminate\\Http\\Middleware\\ValidatePathEncoding->handle()
#57 /home/vermilion/test-project/vendor/laravel/framework/src/Illuminate/Pipeline/Pipeline.php(137): Illuminate\\Pipeline\\Pipeline->{closure:{closure:Illuminate\\Pipeline\\Pipeline::carry():194}:195}()
#58 /home/vermilion/test-project/vendor/laravel/framework/src/Illuminate/Foundation/Http/Kernel.php(175): Illuminate\\Pipeline\\Pipeline->then()
#59 /home/vermilion/test-project/vendor/laravel/framework/src/Illuminate/Foundation/Http/Kernel.php(144): Illuminate\\Foundation\\Http\\Kernel->sendRequestThroughRouter()
#60 /home/vermilion/test-project/vendor/laravel/framework/src/Illuminate/Foundation/Application.php(1220): Illuminate\\Foundation\\Http\\Kernel->handle()
#61 /home/vermilion/test-project/public/index.php(20): Illuminate\\Foundation\\Application->handleRequest()
#62 /home/vermilion/test-project/vendor/laravel/framework/src/Illuminate/Foundation/resources/server.php(23): require_once('...')
#63 {main}
"} 
[2026-06-05 16:13:16] local.ERROR: file_put_contents(/home/vermilion/test-project/storage/framework/sessions/vCpZOZ5O7VWx2VB5XX4KL4Q3Lddmh4VbWh69h7Jw): Failed to open stream: No such file or directory {"exception":"[object] (ErrorException(code: 0): file_put_contents(/home/vermilion/test-project/storage/framework/sessions/vCpZOZ5O7VWx2VB5XX4KL4Q3Lddmh4VbWh69h7Jw): Failed to open stream: No such file or directory at /home/vermilion/test-project/vendor/laravel/framework/src/Illuminate/Filesystem/Filesystem.php:204)
[stacktrace]
#0 /home/vermilion/test-project/vendor/laravel/framework/src/Illuminate/Foundation/Bootstrap/HandleExceptions.php(258): Illuminate\\Foundation\\Bootstrap\\HandleExceptions->handleError()
#1 [internal function]: Illuminate\\Foundation\\Bootstrap\\HandleExceptions->{closure:Illuminate\\Foundation\\Bootstrap\\HandleExceptions::forwardsTo():257}()
#2 /home/vermilion/test-project/vendor/laravel/framework/src/Illuminate/Filesystem/Filesystem.php(204): file_put_contents()
#3 /home/vermilion/test-project/vendor/laravel/framework/src/Illuminate/Session/FileSessionHandler.php(89): Illuminate\\Filesystem\\Filesystem->put()
#4 /home/vermilion/test-project/vendor/laravel/framework/src/Illuminate/Session/Store.php(187): Illuminate\\Session\\FileSessionHandler->write()
#5 /home/vermilion/test-project/vendor/laravel/framework/src/Illuminate/Session/Middleware/StartSession.php(248): Illuminate\\Session\\Store->save()
#6 /home/vermilion/test-project/vendor/laravel/framework/src/Illuminate/Session/Middleware/StartSession.php(129): Illuminate\\Session\\Middleware\\StartSession->saveSession()
#7 /home/vermilion/test-project/vendor/laravel/framework/src/Illuminate/Session/Middleware/StartSession.php(63): Illuminate\\Session\\Middleware\\StartSession->handleStatefulRequest()
#8 /home/vermilion/test-project/vendor/laravel/framework/src/Illuminate/Pipeline/Pipeline.php(219): Illuminate\\Session\\Middleware\\StartSession->handle()
#9 /home/vermilion/test-project/vendor/laravel/framework/src/Illuminate/Cookie/Middleware/AddQueuedCookiesToResponse.php(36): Illuminate\\Pipeline\\Pipeline->{closure:{closure:Illuminate\\Pipeline\\Pipeline::carry():194}:195}()
#10 /home/vermilion/test-project/vendor/laravel/framework/src/Illuminate/Pipeline/Pipeline.php(219): Illuminate\\Cookie\\Middleware\\AddQueuedCookiesToResponse->handle()
#11 /home/vermilion/test-project/vendor/laravel/framework/src/Illuminate/Cookie/Middleware/EncryptCookies.php(74): Illuminate\\Pipeline\\Pipeline->{closure:{closure:Illuminate\\Pipeline\\Pipeline::carry():194}:195}()
#12 /home/vermilion/test-project/vendor/laravel/framework/src/Illuminate/Pipeline/Pipeline.php(219): Illuminate\\Cookie\\Middleware\\EncryptCookies->handle()
#13 /home/vermilion/test-project/vendor/laravel/framework/src/Illuminate/Pipeline/Pipeline.php(137): Illuminate\\Pipeline\\Pipeline->{closure:{closure:Illuminate\\Pipeline\\Pipeline::carry():194}:195}()
#14 /home/vermilion/test-project/vendor/laravel/framework/src/Illuminate/Routing/Router.php(821): Illuminate\\Pipeline\\Pipeline->then()
#15 /home/vermilion/test-project/vendor/laravel/framework/src/Illuminate/Routing/Router.php(800): Illuminate\\Routing\\Router->runRouteWithinStack()
#16 /home/vermilion/test-project/vendor/laravel/framework/src/Illuminate/Routing/Router.php(764): Illuminate\\Routing\\Router->runRoute()
#17 /home/vermilion/test-project/vendor/laravel/framework/src/Illuminate/Routing/Router.php(753): Illuminate\\Routing\\Router->dispatchToRoute()
#18 /home/vermilion/test-project/vendor/laravel/framework/src/Illuminate/Foundation/Http/Kernel.php(200): Illuminate\\Routing\\Router->dispatch()
#19 /home/vermilion/test-project/vendor/laravel/framework/src/Illuminate/Pipeline/Pipeline.php(180): Illuminate\\Foundation\\Http\\Kernel->{closure:Illuminate\\Foundation\\Http\\Kernel::dispatchToRouter():197}()
#20 /home/vermilion/test-project/vendor/laravel/framework/src/Illuminate/Foundation/Http/Middleware/TransformsRequest.php(21): Illuminate\\Pipeline\\Pipeline->{closure:Illuminate\\Pipeline\\Pipeline::prepareDestination():178}()
#21 /home/vermilion/test-project/vendor/laravel/framework/src/Illuminate/Foundation/Http/Middleware/ConvertEmptyStringsToNull.php(31): Illuminate\\Foundation\\Http\\Middleware\\TransformsRequest->handle()
#22 /home/vermilion/test-project/vendor/laravel/framework/src/Illuminate/Pipeline/Pipeline.php(219): Illuminate\\Foundation\\Http\\Middleware\\ConvertEmptyStringsToNull->handle()
#23 /home/vermilion/test-project/vendor/laravel/framework/src/Illuminate/Foundation/Http/Middleware/TransformsRequest.php(21): Illuminate\\Pipeline\\Pipeline->{closure:{closure:Illuminate\\Pipeline\\Pipeline::carry():194}:195}()
#24 /home/vermilion/test-project/vendor/laravel/framework/src/Illuminate/Foundation/Http/Middleware/TrimStrings.php(51): Illuminate\\Foundation\\Http\\Middleware\\TransformsRequest->handle()
#25 /home/vermilion/test-project/vendor/laravel/framework/src/Illuminate/Pipeline/Pipeline.php(219): Illuminate\\Foundation\\Http\\Middleware\\TrimStrings->handle()
#26 /home/vermilion/test-project/vendor/laravel/framework/src/Illuminate/Http/Middleware/ValidatePostSize.php(27): Illuminate\\Pipeline\\Pipeline->{closure:{closure:Illuminate\\Pipeline\\Pipeline::carry():194}:195}()
#27 /home/vermilion/test-project/vendor/laravel/framework/src/Illuminate/Pipeline/Pipeline.php(219): Illuminate\\Http\\Middleware\\ValidatePostSize->handle()
#28 /home/vermilion/test-project/vendor/laravel/framework/src/Illuminate/Foundation/Http/Middleware/PreventRequestsDuringMaintenance.php(109): Illuminate\\Pipeline\\Pipeline->{closure:{closure:Illuminate\\Pipeline\\Pipeline::carry():194}:195}()
#29 /home/vermilion/test-project/vendor/laravel/framework/src/Illuminate/Pipeline/Pipeline.php(219): Illuminate\\Foundation\\Http\\Middleware\\PreventRequestsDuringMaintenance->handle()
#30 /home/vermilion/test-project/vendor/laravel/framework/src/Illuminate/Http/Middleware/HandleCors.php(61): Illuminate\\Pipeline\\Pipeline->{closure:{closure:Illuminate\\Pipeline\\Pipeline::carry():194}:195}()
#31 /home/vermilion/test-project/vendor/laravel/framework/src/Illuminate/Pipeline/Pipeline.php(219): Illuminate\\Http\\Middleware\\HandleCors->handle()
#32 /home/vermilion/test-project/vendor/laravel/framework/src/Illuminate/Http/Middleware/TrustProxies.php(58): Illuminate\\Pipeline\\Pipeline->{closure:{closure:Illuminate\\Pipeline\\Pipeline::carry():194}:195}()
#33 /home/vermilion/test-project/vendor/laravel/framework/src/Illuminate/Pipeline/Pipeline.php(219): Illuminate\\Http\\Middleware\\TrustProxies->handle()
#34 /home/vermilion/test-project/vendor/laravel/framework/src/Illuminate/Foundation/Http/Middleware/InvokeDeferredCallbacks.php(22): Illuminate\\Pipeline\\Pipeline->{closure:{closure:Illuminate\\Pipeline\\Pipeline::carry():194}:195}()
#35 /home/vermilion/test-project/vendor/laravel/framework/src/Illuminate/Pipeline/Pipeline.php(219): Illuminate\\Foundation\\Http\\Middleware\\InvokeDeferredCallbacks->handle()
#36 /home/vermilion/test-project/vendor/laravel/framework/src/Illuminate/Http/Middleware/ValidatePathEncoding.php(28): Illuminate\\Pipeline\\Pipeline->{closure:{closure:Illuminate\\Pipeline\\Pipeline::carry():194}:195}()
#37 /home/vermilion/test-project/vendor/laravel/framework/src/Illuminate/Pipeline/Pipeline.php(219): Illuminate\\Http\\Middleware\\ValidatePathEncoding->handle()
#38 /home/vermilion/test-project/vendor/laravel/framework/src/Illuminate/Pipeline/Pipeline.php(137): Illuminate\\Pipeline\\Pipeline->{closure:{closure:Illuminate\\Pipeline\\Pipeline::carry():194}:195}()
#39 /home/vermilion/test-project/vendor/laravel/framework/src/Illuminate/Foundation/Http/Kernel.php(175): Illuminate\\Pipeline\\Pipeline->then()
#40 /home/vermilion/test-project/vendor/laravel/framework/src/Illuminate/Foundation/Http/Kernel.php(144): Illuminate\\Foundation\\Http\\Kernel->sendRequestThroughRouter()
#41 /home/vermilion/test-project/vendor/laravel/framework/src/Illuminate/Foundation/Application.php(1220): Illuminate\\Foundation\\Http\\Kernel->handle()
#42 /home/vermilion/test-project/public/index.php(20): Illuminate\\Foundation\\Application->handleRequest()
#43 /home/vermilion/test-project/vendor/laravel/framework/src/Illuminate/Foundation/resources/server.php(23): require_once('...')
#44 {main}
"} 
